HCP_ID,HCO_ID,HCO_Type,Province_ID,Province,Region,Specialty,Patient_Potential,Vaccine_X_Relevance,Influence_Score,Digital_Affinity,Target_Score,Target_HCP,_Cleaning_Duplicate_Issue,HCP_Tier,Sales,Units,Vaccinated_HCC,Total_Doses,Ever_Engaged,Months_Contacted,Last_Contact_Month,Contacted_This_Month_Latest,Target_Engaged,Target_Never_Engaged,Monthly_Contact_Flag,Monthly_Vaccine_X_Potential,Period_Vaccine_X_Potential,Actual_Uptake_Rate,Potential_Level,Uptake_Level,Opportunity_Segment,White_Space,Re_Engagement,Conversion_Gap
HCP03619,HCO1256,Vax Center,P28,Tien Giang,South,Family Medicine,190.0,0.461252752864015,0.9898700691593872,0.5996358588103557,0.5057942841355265,1,False,Tier 1,63205508.0,19.0,9.0,19.0,1,1,2026-05-01,0,1,0,0,87.63802304416285,1752.760460883257,0.00513475754437357,High Potential,Low Uptake,Untapped Potential,0,1,0
HCP04722,HCO1868,Vax Center,P08,Vinh Phuc,North,Pediatrics,309.0,0.8749038406157984,0.9843262237955828,0.8095938670394888,0.7389660265734856,1,False,Tier 1,339939824.0,94.0,48.0,94.0,1,3,2026-07-01,0,1,0,0,270.34528675028173,5406.905735005635,0.00887753594245896,High Potential,Low Uptake,Untapped Potential,0,1,0
HCP00039,HCO0684,Vax Center,P27,Long An,South,Infectious Disease,118.0,0.4749071664322328,0.972964452668354,0.580618149581106,0.4398428182411183,0,False,Tier 1,92153317.0,26.0,13.0,26.0,1,1,2026-06-01,0,0,0,0,56.03904563900347,1120.7809127800695,0.011599055490473888,High Potential,Low Uptake,Untapped Potential,0,1,0
HCP02874,HCO1153,Vax Center,P03,Quang Ninh,North,Family Medicine,80.0,0.699881450929825,0.963510689647547,0.4737782112468717,0.4702591658010495,1,False,Tier 2,92054657.0,25.0,14.0,25.0,1,1,2026-02-01,0,1,0,0,55.990516074386,1119.81032148772,0.012502117306259821,High Potential,Low Uptake,Untapped Potential,0,1,0
HCP02601,HCO0181,Vax Center,P21,Khanh Hoa,South,Family Medicine,113.0,0.7094043779907964,0.9634919117856816,0.4610625990076277,0.5036678439025234,1,False,Tier 1,162621880.0,47.0,24.0,47.0,1,3,2026-04-01,0,1,0,0,80.16269471295999,1603.2538942591998,0.01496955665346408,High Potential,Low Uptake,Untapped Potential,0,1,0
HCP01703,HCO0606,Vax Center,P03,Quang Ninh,North,Infectious Disease,81.0,0.8369230878639334,0.9622890551654348,0.2471467474364367,0.5120532559107855,1,False,Tier 2,83466434.0,23.0,11.0,23.0,1,1,2025-11-01,0,1,0,0,67.7907701169786,1355.815402339572,0.00811319887723549,High Potential,Low Uptake,Untapped Potential,0,1,0
HCP00783,HCO1434,Vax Center,P10,Ninh Binh,North,Gynecology,75.0,0.9521160172827378,0.9618138314309816,0.2105555043339864,0.5409605344339805,1,False,Tier 2,116480899.0,34.0,18.0,34.0,0,0,,0,0,1,0,71.40870129620534,1428.1740259241067,0.012603506066673504,High Potential,Low Uptake,Untapped Potential,1,0,0
HCP04542,HCO1701,Vax Center,P29,Can Tho,South,Infectious Disease,82.0,0.8334286584485618,0.9609690964554792,0.2816032823692713,0.5116668612701087,1,False,Tier 2,69538739.0,20.0,9.0,20.0,0,0,,0,0,1,0,68.34114999278206,1366.8229998556412,0.006584612638908291,High Potential,Low Uptake,Untapped Potential,1,0,0
HCP03578,HCO1045,Vax Center,P25,Ho Chi Minh City,South,General Practice,95.0,0.8751607408579534,0.955508081208725,0.4979372288179696,0.5351313199806125,1,False,Tier 2,170849706.0,48.0,22.0,48.0,1,1,2025-09-01,0,1,0,0,83.14027038150557,1662.8054076301114,0.01323065218518574,High Potential,Low Uptake,Untapped Potential,0,1,0
HCP03565,HCO0650,Vax Center,P11,Thanh Hoa,Central,General Practice,105.0,0.8202907100333403,0.951481031999316,0.6679304046274348,0.527124160150606,1,False,Tier 1,85179369.0,24.0,12.0,24.0,0,0,,0,0,1,0,86.13052455350073,1722.6104910700146,0.0069661714370182985,High Potential,Low Uptake,Untapped Potential,1,0,0
HCP01739,HCO1865,Hospital,P09,Nam Dinh,North,Family Medicine,66.0,0.8221249273832993,0.9495260098372664,0.9014717953384936,0.4911723098120727,1,False,Tier 2,62170212.0,18.0,8.0,18.0,1,2,2026-05-01,0,1,0,0,54.26024520729776,1085.2049041459552,0.0073718796970383355,High Potential,Low Uptake,Untapped Potential,0,1,0
HCP00501,HCO1720,Hospital,P13,Ha Tinh,Central,Infectious Disease,74.0,0.6151343077485769,0.9489525396159312,0.3383591591830234,0.4363678372847963,0,False,Tier 2,61720534.0,19.0,7.0,19.0,1,2,2026-07-01,0,0,0,0,45.51993877339469,910.3987754678939,0.007688938285755485,High Potential,Low Uptake,Untapped Potential,0,1,0
HCP03779,HCO1695,Vax Center,P14,Quang Binh,Central,Gynecology,172.0,0.4092014880069883,0.9480398610453914,0.2233876574286681,0.4651461963889526,1,False,Tier 1,166014106.0,51.0,20.0,51.0,1,2,2026-02-01,0,1,0,0,70.38265593720199,1407.6531187440398,0.0142080458130514,High Potential,Low Uptake,Untapped Potential,0,1,0
HCP00398,HCO0804,Hospital,P20,Binh Dinh,Central,Gynecology,97.0,0.9159744405450944,0.947047906888796,0.7333347996975684,0.5475352468746209,1,False,Tier 2,143065646.0,38.0,19.0,38.0,1,2,2026-07-01,0,1,0,0,88.84952073287415,1776.9904146574831,0.010692235502948547,High Potential,Low Uptake,Untapped Potential,0,1,0
HCP01833,HCO1801,Vax Center,P14,Quang Binh,Central,General Practice,49.0,0.931603806837468,0.9458132780263332,0.8280562646033328,0.507532686545396,1,False,Tier 2,48055444.0,12.0,6.0,12.0,1,2,2025-05-01,0,1,0,0,45.64858653503593,912.9717307007186,0.006571944999211439,High Potential,Low Uptake,Untapped Potential,0,1,0
HCP00992,HCO1793,Vax Center,P15,Quang Tri,Central,Pediatrics,87.0,0.7165226724180012,0.9458070714276924,0.7065809611967322,0.4781922900850128,1,False,Tier 2,49522959.0,14.0,7.0,14.0,1,3,2026-08-01,1,1,0,1,62.337472500366104,1246.7494500073221,0.005614600431513236,High Potential,Low Uptake,Untapped Potential,0,0,0
HCP02865,HCO0346,Vax Center,P04,Bac Ninh,North,Family Medicine,103.0,0.7517779320285999,0.9446429980185178,0.6790950566345014,0.5033508681011725,1,False,Tier 1,155496026.0,45.0,21.0,45.0,1,1,2025-07-01,0,1,0,0,77.43312699894578,1548.6625399789157,0.013560087790517556,High Potential,Low Uptake,Untapped Potential,0,1,0
HCP03788,HCO1620,Hospital,P24,Binh Duong,South,Pediatrics,226.0,0.5984135515850156,0.9439902159290132,0.2208125942819384,0.571099886439085,1,False,Tier 1,192140659.0,55.0,27.0,55.0,1,1,2025-08-01,0,1,0,0,135.24146265821352,2704.8292531642705,0.00998214581139042,High Potential,Low Uptake,Untapped Potential,0,1,0
HCP02630,HCO0940,Vax Center,P06,Hung Yen,North,Oncology,197.0,0.8448903155642123,0.9415655576322084,0.1336877873086334,0.6177061321216313,1,False,Tier 1,118988637.0,35.0,18.0,35.0,1,2,2026-05-01,0,1,0,0,166.44339216614983,3328.8678433229966,0.005407243797948959,High Potential,Low Uptake,Untapped Potential,0,1,0
HCP03647,HCO0930,Hospital,P16,Hue,Central,Pediatrics,73.0,0.5736062900809752,0.9408479746636348,0.6897869087523313,0.4213625930681307,0,False,Tier 2,83855376.0,22.0,11.0,22.0,1,1,2025-08-01,0,0,0,0,41.87325917591119,837.4651835182237,0.013134874400137535,High Potential,Low Uptake,Untapped Potential,0,1,0
HCP01393,HCO1963,Vax Center,P10,Ninh Binh,North,General Practice,69.0,0.8322069406938372,0.9404614793594546,0.3787252448439943,0.4951617854874495,1,False,Tier 2,94430809.0,26.0,13.0,26.0,1,1,2025-12-01,0,1,0,0,57.42227890787476,1148.4455781574952,0.011319648268276243,High Potential,Low Uptake,Untapped Potential,0,1,0
HCP04326,HCO1855,Vax Center,P10,Ninh Binh,North,Oncology,43.0,0.9307391292590028,0.9399596594285988,0.8743518856516428,0.5005470039967539,1,False,Tier 3,79008319.0,25.0,11.0,25.0,1,3,2025-03-01,0,1,0,0,40.02178255813712,800.4356511627424,0.013742516320982197,High Potential,Low Uptake,Untapped Potential,0,1,0
HCP01850,HCO1868,Vax Center,P08,Vinh Phuc,North,Gynecology,79.0,0.7290865477330518,0.9394990012039628,0.697941988520569,0.4732924312273747,1,False,Tier 2,63731945.0,18.0,8.0,18.0,1,1,2026-05-01,0,1,0,0,57.59783727091109,1151.9567454182218,0.006944705199929684,High Potential,Low Uptake,Untapped Potential,0,1,0
HCP02080,HCO0704,Vax Center,P12,Nghe An,Central,General Practice,80.0,0.8802666146525407,0.9375367691268436,0.5640883844934005,0.5191799308137235,1,False,Tier 2,59734510.0,19.0,8.0,19.0,1,4,2026-08-01,1,1,0,1,70.42132917220326,1408.4265834440653,0.005680097275952698,High Potential,Low Uptake,Untapped Potential,0,0,0
HCP00003,HCO0252,Vax Center,P06,Hung Yen,North,General Practice,181.0,0.8844708362209819,0.9370818339779536,0.454418424328436,0.6138687287729964,1,False,Tier 1,252922445.0,74.0,37.0,74.0,1,2,2026-08-01,1,1,0,1,160.08922135599772,3201.7844271199547,0.011556055956359924,High Potential,Low Uptake,Untapped Potential,0,0,0
HCP02099,HCO0563,Hospital,P09,Nam Dinh,North,Pediatrics,141.0,0.748264432840208,0.9363414596442992,0.7575807549235127,0.5358216958549964,1,False,Tier 1,212128703.0,60.0,29.0,60.0,1,1,2025-11-01,0,1,0,0,105.50528503046934,2110.105700609387,0.01374338735335626,High Potential,Low Uptake,Untapped Potential,0,1,0
HCP03872,HCO0854,Vax Center,P14,Quang Binh,Central,Gynecology,94.0,0.6717857855060408,0.9356542142909204,0.7710884883624182,0.4692221340655519,1,False,Tier 2,93480118.0,26.0,13.0,26.0,1,3,2026-06-01,0,1,0,0,63.14786383756784,1262.9572767513569,0.010293301475279721,High Potential,Low Uptake,Untapped Potential,0,1,0
HCP00734,HCO1377,Vax Center,P30,Kien Giang,South,Pediatrics,118.0,0.8943243750014169,0.9351989997749588,0.3418411931443951,0.5581148902331946,1,False,Tier 1,137765366.0,41.0,18.0,41.0,1,1,2026-04-01,0,1,0,0,105.53027625016719,2110.6055250033437,0.008528358230262609,High Potential,Low Uptake,Untapped Potential,0,1,0
HCP03230,HCO1390,Vax Center,P30,Kien Giang,South,Family Medicine,154.0,0.8168988745262075,0.9342969474055304,0.4736448620363693,0.5680401629500794,1,False,Tier 1,116186350.0,33.0,15.0,33.0,1,4,2026-07-01,0,1,0,0,125.80242667703595,2516.0485335407193,0.00596172919561738,High Potential,Low Uptake,Untapped Potential,0,1,0
HCP03780,HCO0998,Hospital,P11,Thanh Hoa,Central,Pediatrics,236.0,0.7873650613502683,0.9338172309146334,0.299256993359223,0.6350100016250442,1,False,Tier 1,339914421.0,96.0,45.0,96.0,1,3,2026-04-01,0,1,0,0,185.8181544786633,3716.363089573266,0.01210861234906064,High Potential,Low Uptake,Untapped Potential,0,1,0
HCP00806,HCO1326,Hospital,P01,Hanoi,North,Pediatrics,118.0,0.5442251953645375,0.9296911138774616,0.7471915230088502,0.4519835591626313,1,False,Tier 1,107374133.0,30.0,15.0,30.0,0,0,,0,0,1,0,64.21857305301542,1284.3714610603083,0.011678864296483824,High Potential,Low Uptake,Untapped Potential,1,0,0
HCP02066,HCO1731,Vax Center,P10,Ninh Binh,North,Gynecology,53.0,0.78809726678417,0.9286476660704782,0.5079567408044322,0.4647513058419392,1,False,Tier 2,74308493.0,21.0,9.0,21.0,1,1,2025-03-01,0,1,0,0,41.769155139561015,835.3831027912203,0.010773500170076205,High Potential,Low Uptake,Untapped Potential,0,1,0
HCP01494,HCO0070,Vax Center,P29,Can Tho,South,Pediatrics,167.0,0.7095997386448258,0.9254578760054302,0.3948613997897555,0.546119644942682,1,False,Tier 1,183731827.0,49.0,24.0,49.0,1,1,2026-02-01,0,1,0,0,118.50315635368591,2370.063127073718,0.010126312555072086,High Potential,Low Uptake,Untapped Potential,0,1,0
HCP03825,HCO0145,Hospital,P05,Hai Duong,North,Pediatrics,286.0,0.804468695191864,0.9251057332777164,0.5060553253885778,0.6846950885464358,1,False,Tier 1,453194918.0,129.0,62.0,129.0,1,3,2026-07-01,0,1,0,0,230.07804682487313,4601.5609364974625,0.013473688788568363,High Potential,Low Uptake,Untapped Potential,0,1,0
HCP01940,HCO0071,Vax Center,P27,Long An,South,Family Medicine,195.0,0.749885349240262,0.924989408976287,0.3299396662284973,0.5840375606414101,1,False,Tier 1,166890902.0,47.0,21.0,47.0,1,1,2025-11-01,0,1,0,0,146.22764310185107,2924.5528620370214,0.007180584858833085,High Potential,Low Uptake,Untapped Potential,0,1,0
HCP00903,HCO0632,Vax Center,P26,Ba Ria - Vung Tau,South,Gynecology,74.0,0.965882362352679,0.9230739428575968,0.5230007796075167,0.5364165343143601,1,False,Tier 2,94707701.0,29.0,13.0,29.0,0,0,,0,0,1,0,71.47529481409825,1429.5058962819649,0.009094051331870686,High Potential,Low Uptake,Untapped Potential,1,0,0
HCP01874,HCO1916,Vax Center,P27,Long An,South,General Practice,61.0,0.792724483543896,0.9206290180042422,0.9133560452040866,0.4719431486640172,1,False,Tier 2,65550313.0,19.0,9.0,19.0,1,1,2025-09-01,0,1,0,0,48.35619349617766,967.1238699235532,0.009305943405896298,High Potential,Low Uptake,Untapped Potential,0,1,0
HCP00726,HCO1434,Vax Center,P10,Ninh Binh,North,Pediatrics,442.0,0.7091976593686397,0.9205366592741164,0.4276475126791163,0.799644407443193,1,False,Tier 1,216633805.0,59.0,29.0,59.0,1,2,2025-12-01,0,1,0,0,313.46536544093874,6269.307308818775,0.004625710396937617,High Potential,Low Uptake,Untapped Potential,0,1,0
HCP00452,HCO0782,Vax Center,P01,Hanoi,North,Infectious Disease,170.0,0.626160572324237,0.9152784269379012,0.5884549046454712,0.5218297830107773,1,False,Tier 1,148291311.0,44.0,24.0,44.0,1,2,2026-06-01,0,1,0,0,106.4472972951203,2128.945945902406,0.011273184293942706,High Potential,Low Uptake,Untapped Potential,0,1,0
HCP00633,HCO0760,Vax Center,P19,Quang Ngai,Central,Gynecology,85.0,0.5621020072855188,0.9125961597779908,0.5131681840990352,0.423372056363476,0,False,Tier 2,81529167.0,21.0,12.0,21.0,1,3,2026-01-01,0,0,0,0,47.7786706192691,955.573412385382,0.01255790486054295,High Potential,Low Uptake,Untapped Potential,0,1,0
HCP03372,HCO1172,Hospital,P17,Da Nang,Central,Infectious Disease,71.0,0.6400603622231059,0.9124350243851672,0.5368723831537268,0.4337643728032245,0,False,Tier 2,56068148.0,16.0,7.0,16.0,1,1,2026-06-01,0,0,0,0,45.44428571784052,908.8857143568105,0.007701738391777538,High Potential,Low Uptake,Untapped Potential,0,1,0
HCP00020,HCO0989,Hospital,P01,Hanoi,North,General Practice,109.0,0.643164325747161,0.9117035158651156,0.8185630072002967,0.4697344453416158,1,False,Tier 1,145153325.0,41.0,22.0,41.0,0,0,,0,0,1,0,70.10491150644054,1402.0982301288109,0.015690769396363092,High Potential,Low Uptake,Untapped Potential,1,0,0
HCP03624,HCO0118,Hospital,P15,Quang Tri,Central,Oncology,49.0,0.9551852394493986,0.9103465813986996,0.5075812641230352,0.5075137770034484,1,False,Tier 2,90725794.0,26.0,12.0,26.0,0,0,,0,0,1,0,46.80407673302053,936.0815346604106,0.012819396127019354,High Potential,Low Uptake,Untapped Potential,1,0,0
HCP04984,HCO0382,Hospital,P20,Binh Dinh,Central,Gynecology,189.0,0.6769458130266147,0.9102970326312292,0.3345465122095832,0.5536616689527488,1,False,Tier 1,46226937.0,14.0,7.0,14.0,1,5,2026-06-01,0,1,0,0,127.94275866203019,2558.8551732406036,0.002735598353983829,High Potential,Low Uptake,Untapped Potential,0,1,0
HCP00521,HCO1655,Vax Center,P04,Bac Ninh,North,Gynecology,67.0,0.6362764823277169,0.9102726958379416,0.7712894177706329,0.4284930394214589,0,False,Tier 2,38131423.0,12.0,6.0,12.0,1,1,2026-04-01,0,0,0,0,42.63052431595703,852.6104863191406,0.007037211125449541,High Potential,Low Uptake,Untapped Potential,0,1,0
HCP03272,HCO0309,Vax Center,P03,Quang Ninh,North,General Practice,60.0,0.8183552236255308,0.9098777539466278,0.0798916999464984,0.4765561919510589,1,False,Tier 2,59751649.0,16.0,9.0,16.0,1,4,2026-06-01,0,1,0,0,49.10131341753185,982.026268350637,0.0091647242951209,High Potential,Low Uptake,Untapped Potential,0,1,0
HCP04046,HCO0430,Vax Center,P19,Quang Ngai,Central,Gynecology,123.0,0.8125332450632433,0.9092453631740116,0.5378692855607901,0.5330164535611828,1,False,Tier 1,116790964.0,34.0,18.0,34.0,1,2,2025-07-01,0,1,0,0,99.94158914277892,1998.8317828555785,0.009005260049589953,High Potential,Low Uptake,Untapped Potential,0,1,0
HCP03509,HCO1418,Vax Center,P16,Hue,Central,Pediatrics,118.0,0.6077543815915661,0.909196673892984,0.5029381813701287,0.4669434270338444,1,False,Tier 1,54996503.0,16.0,8.0,16.0,1,5,2026-07-01,0,1,0,0,71.7150170278048,1434.3003405560962,0.00557763236457038,High Potential,Low Uptake,Untapped Potential,0,1,0
HCP00047,HCO1055,Vax Center,P30,Kien Giang,South,Gynecology,173.0,0.5118068179716887,0.9090598213512316,0.4611042991406117,0.4890577133654566,1,False,Tier 1,102268151.0,33.0,16.0,33.0,1,2,2026-05-01,0,1,0,0,88.54257950910214,1770.8515901820429,0.009035200966985159,High Potential,Low Uptake,Untapped Potential,0,1,0
HCP01601,HCO0399,Vax Center,P02,Hai Phong,North,Pediatrics,246.0,0.6873422462825852,0.9082754143767152,0.2516121393762264,0.6091540530564149,1,False,Tier 1,246201158.0,68.0,33.0,68.0,1,3,2026-01-01,0,1,0,0,169.08619258551596,3381.723851710319,0.009758336708454218,High Potential,Low Uptake,Untapped Potential,0,1,0
HCP01014,HCO0936,Hospital,P14,Quang Binh,Central,Gynecology,45.0,0.8815859496269586,0.9078940792182826,0.6542632976590909,0.4812397859169293,1,False,Tier 2,56837799.0,19.0,8.0,19.0,1,3,2026-04-01,0,1,0,0,39.67136773321314,793.4273546642628,0.01008283865305499,High Potential,Low Uptake,Untapped Potential,0,1,0
HCP00092,HCO0360,Vax Center,P25,Ho Chi Minh City,South,Gynecology,112.0,0.4654543001341986,0.9073390656121132,0.5946902977514914,0.4183263253849044,0,False,Tier 1,49249774.0,12.0,6.0,12.0,1,1,2026-07-01,0,0,0,0,52.13088161503024,1042.6176323006048,0.00575474633664175,High Potential,Low Uptake,Untapped Potential,0,1,0
HCP02468,HCO1246,Vax Center,P10,Ninh Binh,North,Family Medicine,50.0,0.9940855662598836,0.907137639955372,0.1703100834932107,0.5194680126838542,1,False,Tier 2,102073508.0,28.0,14.0,28.0,1,1,2026-08-01,1,1,0,1,49.704278312994184,994.0855662598836,0.014083294713425084,High Potential,Low Uptake,Untapped Potential,0,0,0
HCP03791,HCO0602,Vax Center,P24,Binh Duong,South,Family Medicine,183.0,0.5728760103527502,0.906390906115898,0.8301069133940183,0.5161039472919676,1,False,Tier 1,191069361.0,57.0,28.0,57.0,0,0,,0,0,1,0,104.83630989455328,2096.7261978910656,0.013354151833540799,High Potential,Low Uptake,Untapped Potential,1,0,0
HCP04946,HCO0360,Vax Center,P25,Ho Chi Minh City,South,General Practice,75.0,0.7854552847815786,0.905975392244641,0.6808920511609022,0.4797946268463647,1,False,Tier 2,26028525.0,8.0,6.0,8.0,1,4,2026-04-01,0,1,0,0,58.90914635861839,1178.182927172368,0.005092587799077996,High Potential,Low Uptake,Untapped Potential,0,1,0
HCP02767,HCO0976,Vax Center,P12,Nghe An,Central,Oncology,121.0,0.541763996839379,0.9051616540890564,0.7084753456838877,0.4491170854251806,1,False,Tier 1,77627997.0,23.0,11.0,23.0,1,1,2025-11-01,0,1,0,0,65.55344361756487,1311.0688723512974,0.008390100803989326,High Potential,Low Uptake,Untapped Potential,0,1,0
HCP03900,HCO1765,Vax Center,P27,Long An,South,General Practice,89.0,0.7166720484113542,0.9042454115451656,0.5874293300480472,0.4717766227583653,1,False,Tier 2,139058870.0,40.0,21.0,40.0,1,3,2025-06-01,0,1,0,0,63.78381230861053,1275.6762461722105,0.01646185704485172,High Potential,Low Uptake,Untapped Potential,0,1,0
HCP03980,HCO0418,Hospital,P19,Quang Ngai,Central,Pediatrics,73.0,0.925342025369552,0.9041443626611128,0.5116257452585362,0.5195425912541993,1,False,Tier 2,97560961.0,29.0,14.0,29.0,1,2,2026-06-01,0,1,0,0,67.5499678519773,1350.9993570395459,0.010362699232276687,High Potential,Low Uptake,Untapped Potential,0,1,0
HCP02852,HCO1106,Vax Center,P10,Ninh Binh,North,Oncology,246.0,0.6016645189870026,0.90402243864235,0.6513589196110197,0.5826001397208671,1,False,Tier 1,142699164.0,37.0,17.0,37.0,1,3,2025-07-01,0,1,0,0,148.00947167080264,2960.189433416053,0.0057428757119715925,High Potential,Low Uptake,Untapped Potential,0,1,0
HCP01593,HCO0252,Vax Center,P06,Hung Yen,North,Pediatrics,146.0,0.3304709551691218,0.9038693544776408,0.1449757420768021,0.4086188611499685,0,False,Tier 1,63915457.0,20.0,10.0,20.0,1,3,2026-01-01,0,0,0,0,48.24875945469178,964.9751890938355,0.010362960740359082,High Potential,Low Uptake,Untapped Potential,0,1,0
HCP01552,HCO0652,Vax Center,P06,Hung Yen,North,Gynecology,153.0,0.846162238820928,0.9032271496505516,0.437716860789187,0.5696792867615739,1,False,Tier 1,213797187.0,59.0,28.0,59.0,0,0,,0,0,1,0,129.46282253960197,2589.2564507920397,0.010813915319757126,High Potential,Low Uptake,Untapped Potential,1,0,0
HCP03224,HCO0454,Vax Center,P09,Nam Dinh,North,Oncology,133.0,0.4776766607036377,0.902686367836122,0.5989474446581171,0.4405069384449823,0,False,Tier 1,71469548.0,19.0,9.0,19.0,1,3,2026-05-01,0,0,0,0,63.53099587358381,1270.6199174716762,0.007083156714486669,High Potential,Low Uptake,Untapped Potential,0,1,0
HCP02696,HCO0579,Vax Center,P22,Lam Dong,South,General Practice,154.0,0.7998579866646774,0.9025968821686692,0.5330755352646395,0.5565878835442482,1,False,Tier 1,181063101.0,53.0,25.0,53.0,1,3,2026-04-01,0,1,0,0,123.17812994636033,2463.5625989272066,0.01014790531845491,High Potential,Low Uptake,Untapped Potential,0,1,0
HCP04343,HCO0654,Hospital,P13,Ha Tinh,Central,Oncology,86.0,0.7979435286518805,0.9019179685879972,0.1065313197290185,0.4929148004613117,1,False,Tier 2,101740746.0,30.0,13.0,30.0,0,0,,0,0,1,0,68.62314346406171,1372.4628692812344,0.009472023098743768,High Potential,Low Uptake,Untapped Potential,1,0,0
HCP01453,HCO1716,Vax Center,P19,Quang Ngai,Central,Gynecology,88.0,0.7339196404628788,0.9016509795871348,0.2777721546278334,0.4755060880562906,1,False,Tier 2,71058618.0,19.0,11.0,19.0,1,3,2026-08-01,1,1,0,1,64.58492836073334,1291.6985672146668,0.008515918712923613,High Potential,Low Uptake,Untapped Potential,0,0,0
HCP00294,HCO1818,Vax Center,P19,Quang Ngai,Central,Family Medicine,119.0,0.9135519280473452,0.9015533179290546,0.2891074877716498,0.5580799457037182,1,False,Tier 1,148528372.0,44.0,26.0,44.0,1,1,2026-08-01,1,1,0,1,108.71267943763408,2174.2535887526815,0.011958126749564476,High Potential,Low Uptake,Untapped Potential,0,0,0
HCP04346,HCO1979,Hospital,P04,Bac Ninh,North,Gynecology,119.0,0.6683524400805801,0.9002868700776464,0.363690630669377,0.484266809743407,1,False,Tier 1,169440040.0,49.0,25.0,49.0,0,0,,0,0,1,0,79.53394036958903,1590.6788073917805,0.015716560680777685,High Potential,Low Uptake,Untapped Potential,1,0,0
HCP03306,HCO0650,Vax Center,P11,Thanh Hoa,Central,Gynecology,69.0,0.6932931812045826,0.8985868965806545,0.8571487810103351,0.4451127410849131,1,False,Tier 2,86714531.0,23.0,14.0,23.0,1,2,2026-01-01,0,1,0,0,47.8372295031162,956.7445900623239,0.014632954443032718,High Potential,Low Uptake,Untapped Potential,0,1,0
HCP03821,HCO1250,Hospital,P18,Quang Nam,Central,Pediatrics,166.0,0.7372082144138384,0.8983501402721361,0.5421491550144584,0.548054714600801,1,False,Tier 1,259951189.0,76.0,37.0,76.0,1,3,2026-04-01,0,1,0,0,122.37656359269718,2447.5312718539435,0.015117273648550127,High Potential,Low Uptake,Untapped Potential,0,1,0
HCP00191,HCO0441,Vax Center,P12,Nghe An,Central,Family Medicine,84.0,0.6982964379902253,0.897469375557964,0.6484006268882034,0.4602791028049567,1,False,Tier 2,83698335.0,23.0,11.0,23.0,1,2,2026-08-01,1,1,0,1,58.65690079117893,1173.1380158235786,0.009376560857826831,High Potential,Low Uptake,Untapped Potential,0,0,0
HCP01772,HCO0072,Hospital,P21,Khanh Hoa,South,General Practice,142.0,0.8388368279773458,0.8956130308680375,0.6335671383365508,0.5557736545668113,1,False,Tier 1,242196792.0,70.0,35.0,70.0,1,5,2026-07-01,0,1,0,0,119.11482957278311,2382.296591455662,0.014691705527150102,High Potential,Low Uptake,Untapped Potential,0,1,0
HCP00816,HCO0298,Vax Center,P16,Hue,Central,Pediatrics,159.0,0.5705731747474762,0.8954231779061357,0.70080972440101,0.4909973287462107,1,False,Tier 1,188151574.0,54.0,27.0,54.0,1,3,2026-08-01,1,1,0,1,90.72113478484872,1814.4226956969742,0.01488076624263592,High Potential,Low Uptake,Untapped Potential,0,0,0
HCP01550,HCO1308,Vax Center,P18,Quang Nam,Central,Family Medicine,303.0,0.6601714864719702,0.8945125439148606,0.6260043820757122,0.6510280287986372,1,False,Tier 1,319804822.0,92.0,44.0,92.0,0,0,,0,0,1,0,200.03196040100698,4000.6392080201394,0.010998242458803223,High Potential,Low Uptake,Untapped Potential,1,0,0
HCP00408,HCO0887,Hospital,P03,Quang Ninh,North,Pediatrics,188.0,0.5601066577352678,0.8934076294140127,0.6430642900395932,0.5143061157959754,1,False,Tier 1,201397754.0,58.0,29.0,58.0,1,1,2025-05-01,0,1,0,0,105.30005165423034,2106.001033084607,0.013770173681977936,High Potential,Low Uptake,Untapped Potential,0,1,0
HCP00290,HCO1632,Vax Center,P19,Quang Ngai,Central,General Practice,127.0,0.9861797775418324,0.8919066183028209,0.4229405258375006,0.585346368034225,1,False,Tier 1,178692056.0,49.0,25.0,49.0,1,3,2026-02-01,0,1,0,0,125.24483174781271,2504.8966349562543,0.00998045174843576,High Potential,Low Uptake,Untapped Potential,0,1,0
HCP01426,HCO0674,Hospital,P25,Ho Chi Minh City,South,General Practice,259.0,0.8701141006362143,0.891503311769738,0.2440852517107562,0.6726682258781452,1,False,Tier 1,236833520.0,66.0,30.0,66.0,1,3,2026-05-01,0,1,0,0,225.3595520647795,4507.19104129559,0.006656030269215416,High Potential,Low Uptake,Untapped Potential,0,1,0
HCP02633,HCO1009,Vax Center,P13,Ha Tinh,Central,General Practice,133.0,0.6600199173756872,0.8898653694329469,0.3104957799518048,0.4926457157659622,1,False,Tier 1,181158144.0,54.0,28.0,54.0,1,2,2025-12-01,0,1,0,0,87.7826490109664,1755.652980219328,0.015948482026614422,High Potential,Low Uptake,Untapped Potential,0,1,0
HCP00280,HCO1720,Hospital,P13,Ha Tinh,Central,Gynecology,145.0,0.6950130821970232,0.8894312929500465,0.4918272240020568,0.514167961026894,1,False,Tier 1,138845881.0,40.0,17.0,40.0,1,2,2026-05-01,0,1,0,0,100.77689691856835,2015.537938371367,0.008434472840405405,High Potential,Low Uptake,Untapped Potential,0,1,0
HCP04725,HCO0163,Vax Center,P04,Bac Ninh,North,Infectious Disease,108.0,0.7552143744142293,0.8889716319637889,0.50940723050051,0.4978771572355451,1,False,Tier 1,177327504.0,46.0,23.0,46.0,1,2,2026-01-01,0,1,0,0,81.56315243673677,1631.2630487347355,0.014099504073141117,High Potential,Low Uptake,Untapped Potential,0,1,0
HCP01599,HCO0145,Hospital,P05,Hai Duong,North,Gynecology,75.0,0.7705029993601964,0.8887841013203955,0.7080342168862921,0.471870683035101,1,False,Tier 2,115681889.0,36.0,17.0,36.0,0,0,,0,0,1,0,57.78772495201473,1155.7544990402946,0.014709006120345033,High Potential,Low Uptake,Untapped Potential,1,0,0
HCP03309,HCO1486,Vax Center,P08,Vinh Phuc,North,Gynecology,92.0,0.8067253158526505,0.88872921302637,0.2417218914716644,0.4984671410647728,1,False,Tier 2,39434841.0,13.0,7.0,13.0,1,2,2025-12-01,0,1,0,0,74.21872905844384,1484.3745811688768,0.004715790804291341,High Potential,Low Uptake,Untapped Potential,0,1,0
HCP04613,HCO1375,Vax Center,P06,Hung Yen,North,Family Medicine,61.0,0.7903248879225677,0.8868306031345246,0.2840578668785861,0.4644635870036752,1,False,Tier 2,64204675.0,19.0,11.0,19.0,1,1,2026-06-01,0,1,0,0,48.20981816327663,964.1963632655326,0.011408464519348826,High Potential,Low Uptake,Untapped Potential,0,1,0
HCP01400,HCO1623,Vax Center,P07,Thai Nguyen,North,Family Medicine,51.0,0.7958698516088847,0.886465549330627,0.0772066151501986,0.4567948060895316,1,False,Tier 2,21027656.0,7.0,3.0,7.0,1,2,2025-08-01,0,1,0,0,40.58936243205312,811.7872486410624,0.0036955495482615935,High Potential,Low Uptake,Untapped Potential,0,1,0
HCP04470,HCO0628,Vax Center,P08,Vinh Phuc,North,Pediatrics,68.0,0.7593216692861982,0.8847432090250713,0.3835109919714801,0.4612266240723551,1,False,Tier 2,66713678.0,19.0,9.0,19.0,1,3,2026-08-01,1,1,0,1,51.63387351146147,1032.6774702292296,0.008715209016811625,High Potential,Low Uptake,Untapped Potential,0,0,0
HCP00365,HCO0531,Vax Center,P03,Quang Ninh,North,Pediatrics,97.0,0.9224222150170832,0.8832364105811771,0.0931138301973733,0.5367072799546937,1,False,Tier 2,32343500.0,8.0,6.0,8.0,1,2,2025-10-01,0,1,0,0,89.47495485665708,1789.4990971331415,0.0033528935608921353,High Potential,Low Uptake,Untapped Potential,0,1,0
HCP02128,HCO0989,Hospital,P01,Hanoi,North,General Practice,67.0,0.7319362995223788,0.8827183120516112,0.6772961670867175,0.4516801078225915,1,False,Tier 2,63629307.0,20.0,11.0,20.0,1,2,2026-05-01,0,1,0,0,49.03973206799938,980.7946413599876,0.011215395696643694,High Potential,Low Uptake,Untapped Potential,0,1,0
HCP02894,HCO0490,Vax Center,P24,Binh Duong,South,Gynecology,48.0,0.8491977666842401,0.8819713326474461,0.5866889945218039,0.4691165594977242,1,False,Tier 2,31742590.0,8.0,5.0,8.0,1,2,2025-11-01,0,1,0,0,40.76149280084353,815.2298560168706,0.006133239555810047,High Potential,Low Uptake,Untapped Potential,0,1,0
HCP04074,HCO0814,Hospital,P12,Nghe An,Central,Gynecology,76.0,0.5325204851856584,0.8813074181709702,0.5298931808133343,0.3999065180787804,0,False,Tier 2,71004381.0,21.0,11.0,21.0,0,0,,0,0,0,0,40.47155687411004,809.4311374822008,0.013589791015720453,High Potential,Low Uptake,Untapped Potential,0,0,0
HCP04237,HCO0452,Vax Center,P06,Hung Yen,North,General Practice,177.0,0.6371376112164243,0.881264176232398,0.5988467739896476,0.5248015260188144,1,False,Tier 1,168285778.0,48.0,24.0,48.0,1,1,2025-02-01,0,1,0,0,112.7733571853071,2255.467143706142,0.01064081118050057,High Potential,Low Uptake,Untapped Potential,0,1,0
HCP00481,HCO1955,Hospital,P19,Quang Ngai,Central,Infectious Disease,89.0,0.7344409084271551,0.8795086749261036,0.3159697672730859,0.4721599334392932,1,False,Tier 2,94394674.0,29.0,12.0,29.0,1,1,2025-01-01,0,1,0,0,65.3652408500168,1307.304817000336,0.009179190533034589,High Potential,Low Uptake,Untapped Potential,0,1,0
HCP04146,HCO0864,Vax Center,P03,Quang Ninh,North,Pediatrics,144.0,0.6728907477314457,0.8791096134675602,0.6278820810494106,0.5045409988647976,1,False,Tier 1,214194852.0,64.0,30.0,64.0,1,1,2025-11-01,0,1,0,0,96.89626767332818,1937.9253534665636,0.015480472427039545,High Potential,Low Uptake,Untapped Potential,0,1,0
HCP01569,HCO0654,Hospital,P13,Ha Tinh,Central,Infectious Disease,79.0,0.7710636164217542,0.8787017249594423,0.3289606367709299,0.4737260965850813,1,False,Tier 2,111832915.0,31.0,16.0,31.0,1,4,2026-07-01,0,1,0,0,60.914025697318586,1218.2805139463717,0.013133264315433608,High Potential,Low Uptake,Untapped Potential,0,1,0
HCP02398,HCO0858,Vax Center,P04,Bac Ninh,North,Gynecology,69.0,0.6864431959765086,0.8773029525380153,0.4929863631976044,0.438800956707963,0,False,Tier 2,97717437.0,30.0,12.0,30.0,1,2,2026-08-01,1,0,0,0,47.36458052237909,947.2916104475819,0.012667693736177153,High Potential,Low Uptake,Untapped Potential,0,0,0
HCP02463,HCO1622,Vax Center,P08,Vinh Phuc,North,Oncology,152.0,0.7801266194747296,0.8764638249857456,0.7372819398724809,0.5435900100988273,1,False,Tier 1,164040607.0,48.0,20.0,48.0,1,2,2026-03-01,0,1,0,0,118.5792461601589,2371.584923203178,0.008433178927865263,High Potential,Low Uptake,Untapped Potential,0,1,0
HCP02968,HCO0014,Vax Center,P09,Nam Dinh,North,Family Medicine,105.0,0.5997769638692821,0.8760400316395778,0.3642187460210816,0.4458818362294409,1,False,Tier 1,93880926.0,27.0,16.0,27.0,1,1,2025-06-01,0,1,0,0,62.97658120627462,1259.5316241254925,0.012703134795133856,High Potential,Low Uptake,Untapped Potential,0,1,0
HCP04807,HCO0946,Vax Center,P19,Quang Ngai,Central,Oncology,135.0,0.2927138751295276,0.8759785601315452,0.5217004878438459,0.3815283930836858,0,False,Tier 1,77658078.0,23.0,12.0,23.0,1,1,2025-09-01,0,0,0,0,39.51637314248623,790.3274628497246,0.015183579673077511,High Potential,Low Uptake,Untapped Potential,0,1,0
HCP04100,HCO0743,Vax Center,P18,Quang Nam,Central,Pediatrics,127.0,0.489994522116186,0.8750075577161052,0.8434449701860547,0.4331109792891879,0,False,Tier 1,95487188.0,28.0,13.0,28.0,0,0,,0,0,0,0,62.22930430875562,1244.5860861751125,0.01044523970210198,High Potential,Low Uptake,Untapped Potential,0,0,0
HCP00467,HCO1102,Vax Center,P15,Quang Tri,Central,Gynecology,191.0,0.842308693292393,0.874907013767562,0.7403906475622369,0.5980443811116006,1,False,Tier 1,352583104.0,100.0,50.0,100.0,0,0,,0,0,1,0,160.88096041884705,3217.619208376941,0.015539439803761436,High Potential,Low Uptake,Untapped Potential,1,0,0
HCP03091,HCO1905,Vax Center,P21,Khanh Hoa,South,Infectious Disease,130.0,0.6314447300787438,0.8747718997301049,0.8418396994121377,0.478276687858533,1,False,Tier 1,189799581.0,55.0,27.0,55.0,1,3,2026-05-01,0,1,0,0,82.08781491023669,1641.7562982047339,0.016445802601472943,High Potential,Low Uptake,Untapped Potential,0,1,0
HCP01831,HCO1224,Vax Center,P19,Quang Ngai,Central,Gynecology,142.0,0.9105136737451898,0.8745123881246903,0.266043415626066,0.573056579748495,1,False,Tier 1,85843515.0,25.0,10.0,25.0,1,1,2025-06-01,0,1,0,0,129.29294167181695,2585.858833436339,0.0038671871297440603,High Potential,Low Uptake,Untapped Potential,0,1,0
HCP02134,HCO1445,Vax Center,P15,Quang Tri,Central,General Practice,67.0,0.8348017776788079,0.8731720337768445,0.5238038973054033,0.4806304956145668,1,False,Tier 2,76171160.0,23.0,12.0,23.0,1,3,2026-02-01,0,1,0,0,55.93171910448013,1118.6343820896027,0.010727365609471138,High Potential,Low Uptake,Untapped Potential,0,1,0
HCP02302,HCO0591,Vax Center,P23,Dong Nai,South,Pediatrics,82.0,0.5271488744629249,0.8720650823898523,0.5040708827643655,0.4020021232612923,0,False,Tier 2,88021105.0,22.0,12.0,22.0,0,0,,0,0,0,0,43.226207705959844,864.5241541191969,0.013880468166012041,High Potential,Low Uptake,Untapped Potential,0,0,0
HCP02490,HCO0189,Vax Center,P27,Long An,South,Gynecology,162.0,0.6500926891073454,0.8718708874966172,0.3725557228989021,0.5129205027500456,1,False,Tier 1,96116298.0,28.0,14.0,28.0,0,0,,0,0,1,0,105.31501563538995,2106.300312707799,0.006646725500411669,High Potential,Low Uptake,Untapped Potential,1,0,0
HCP03080,HCO1420,Vax Center,P06,Hung Yen,North,Gynecology,64.0,0.9038221474910396,0.8715827765128671,0.6682175085221981,0.498240977327663,1,False,Tier 2,133059165.0,36.0,18.0,36.0,1,1,2025-01-01,0,1,0,0,57.844617439426536,1156.8923487885306,0.015558923886780962,High Potential,Low Uptake,Untapped Potential,0,1,0
HCP02016,HCO1280,Hospital,P29,Can Tho,South,Family Medicine,143.0,0.7868147112898154,0.8712327346046164,0.4323633426536302,0.5362168862337937,1,False,Tier 1,181531686.0,51.0,25.0,51.0,1,4,2026-08-01,1,1,0,1,112.5145037144436,2250.2900742888723,0.011109678830139443,High Potential,Low Uptake,Untapped Potential,0,0,0
HCP01962,HCO0442,Vax Center,P14,Quang Binh,Central,Family Medicine,173.0,0.3685539823525002,0.8704478732889642,0.6628186048966952,0.4383594730672466,0,False,Tier 1,102548840.0,27.0,14.0,27.0,0,0,,0,0,0,0,63.75983894698253,1275.1967789396506,0.010978697743920946,High Potential,Low Uptake,Untapped Potential,0,0,0
HCP01416,HCO0371,Vax Center,P09,Nam Dinh,North,Pediatrics,73.0,0.944266240585018,0.8697144148864603,0.131587297237547,0.5183338662639085,1,False,Tier 2,120924513.0,33.0,18.0,33.0,1,2,2026-08-01,1,1,0,1,68.93143556270631,1378.6287112541263,0.013056452294269688,High Potential,Low Uptake,Untapped Potential,0,0,0
HCP00541,HCO0652,Vax Center,P06,Hung Yen,North,General Practice,69.0,0.896548857867075,0.8694087519915897,0.3483195262468581,0.5002538151658479,1,False,Tier 2,114539760.0,33.0,14.0,33.0,1,4,2026-05-01,0,1,0,0,61.861871192828175,1237.2374238565635,0.011315532273798291,High Potential,Low Uptake,Untapped Potential,0,1,0
HCP02736,HCO0976,Vax Center,P12,Nghe An,Central,Gynecology,69.0,0.897634006395649,0.868993371215344,0.3041104827613725,0.5004962835691709,1,False,Tier 2,123779629.0,34.0,19.0,34.0,1,1,2025-05-01,0,1,0,0,61.93674644129978,1238.7349288259957,0.015338228993031744,High Potential,Low Uptake,Untapped Potential,0,1,0
HCP03427,HCO1886,Vax Center,P06,Hung Yen,North,Pediatrics,152.0,0.8477260492316089,0.8689866063955313,0.2844703347662956,0.5623743953078483,1,False,Tier 1,217264125.0,59.0,28.0,59.0,1,2,2025-11-01,0,1,0,0,128.85435948320455,2577.087189664091,0.010864979699677776,High Potential,Low Uptake,Untapped Potential,0,1,0
HCP03337,HCO1385,Vax Center,P04,Bac Ninh,North,Gynecology,160.0,0.8618402021257324,0.8688906970904189,0.3986756075163175,0.5739968667224702,1,False,Tier 1,263221135.0,77.0,39.0,77.0,1,3,2026-04-01,0,1,0,0,137.8944323401172,2757.888646802344,0.014141252601050033,High Potential,Low Uptake,Untapped Potential,0,1,0
HCP04793,HCO0701,Vax Center,P09,Nam Dinh,North,General Practice,77.0,0.8105166937694515,0.8684479190038998,0.247048577221294,0.4816594067464302,1,False,Tier 2,121754669.0,36.0,15.0,36.0,0,0,,0,0,1,0,62.409785420247765,1248.1957084049552,0.012017346237448778,High Potential,Low Uptake,Untapped Potential,1,0,0
HCP01122,HCO1849,Vax Center,P16,Hue,Central,Gynecology,67.0,0.9075917407032524,0.8684148927877157,0.36825947273659,0.5015160563240744,1,False,Tier 2,138041347.0,38.0,19.0,38.0,0,0,,0,0,1,0,60.808646627117916,1216.1729325423582,0.015622778218128323,High Potential,Low Uptake,Untapped Potential,1,0,0
HCP00156,HCO1401,Vax Center,P28,Tien Giang,South,Family Medicine,116.0,0.9714015104732774,0.8656358754932679,0.3534168342956261,0.5654735541665628,1,False,Tier 1,184214895.0,56.0,31.0,56.0,1,1,2025-06-01,0,1,0,0,112.68257521490018,2253.6515042980036,0.013755454177755082,High Potential,Low Uptake,Untapped Potential,0,1,0
HCP00751,HCO1279,Vax Center,P02,Hai Phong,North,Gynecology,136.0,0.7461576705168919,0.8653085916303093,0.3948732962374625,0.5163534639255738,1,False,Tier 1,190104162.0,53.0,29.0,53.0,1,1,2025-03-01,0,1,0,0,101.4774431902973,2029.548863805946,0.014288889771107682,High Potential,Low Uptake,Untapped Potential,0,1,0
HCP03745,HCO1540,Vax Center,P14,Quang Binh,Central,General Practice,78.0,0.7377920470794697,0.8648434265311481,0.1706913878089497,0.4600470401708113,1,False,Tier 2,56666686.0,16.0,8.0,16.0,1,3,2026-06-01,0,1,0,0,57.54777967219864,1150.9555934439727,0.006950746011027081,High Potential,Low Uptake,Untapped Potential,0,1,0
HCP04543,HCO0216,Hospital,P25,Ho Chi Minh City,South,Gynecology,112.0,0.9423682076748164,0.8640686243503316,0.1078256839628425,0.5527464093947334,1,False,Tier 1,187287865.0,58.0,29.0,58.0,1,2,2026-01-01,0,1,0,0,105.54523925957945,2110.904785191589,0.013738184783814358,High Potential,Low Uptake,Untapped Potential,0,1,0
HCP04468,HCO1015,Vax Center,P01,Hanoi,North,Oncology,86.0,0.8863228913117952,0.8637100913766073,0.5344387666242176,0.5117870338170082,1,False,Tier 2,77547151.0,20.0,9.0,20.0,1,1,2025-12-01,0,1,0,0,76.22376865281439,1524.4753730562877,0.0059036703111554276,High Potential,Low Uptake,Untapped Potential,0,1,0
HCP02035,HCO0343,Vax Center,P11,Thanh Hoa,Central,Gynecology,47.0,0.966364993441202,0.8635892044755553,0.3557547868675596,0.4996643759645087,1,False,Tier 2,56730126.0,17.0,8.0,17.0,1,3,2025-04-01,0,1,0,0,45.419154691736495,908.3830938347298,0.008806856990510559,High Potential,Low Uptake,Untapped Potential,0,1,0
HCP03918,HCO1189,Vax Center,P20,Binh Dinh,Central,Oncology,218.0,0.8126068495223926,0.8632837137216106,0.45515215126273,0.6118091679714103,1,False,Tier 1,138299913.0,37.0,19.0,37.0,1,2,2026-04-01,0,1,0,0,177.1482931958816,3542.965863917632,0.005362738657321063,High Potential,Low Uptake,Untapped Potential,0,1,0
HCP03331,HCO0943,Vax Center,P04,Bac Ninh,North,Gynecology,119.0,0.902932800615958,0.8610166193202164,0.4593838183235394,0.5467868677525344,1,False,Tier 1,184483061.0,58.0,26.0,58.0,1,2,2025-07-01,0,1,0,0,107.44900327329901,2148.9800654659803,0.012098762765564423,High Potential,Low Uptake,Untapped Potential,0,1,0
HCP03056,HCO0936,Hospital,P14,Quang Binh,Central,General Practice,112.0,0.9704943910969944,0.8601332886405005,0.3835851486268865,0.5603971972794206,1,False,Tier 1,109892424.0,31.0,15.0,31.0,1,1,2026-05-01,0,1,0,0,108.69537180286338,2173.9074360572677,0.006900017798000141,High Potential,Low Uptake,Untapped Potential,0,1,0
HCP01549,HCO1351,Vax Center,P13,Ha Tinh,Central,Infectious Disease,183.0,0.5375380183928944,0.8598224174840055,0.4948912707449545,0.4961888519776323,1,False,Tier 1,172736293.0,51.0,27.0,51.0,1,1,2025-03-01,0,1,0,0,98.36945736589968,1967.3891473179935,0.013723771952695401,High Potential,Low Uptake,Untapped Potential,0,1,0
HCP03620,HCO1902,Vax Center,P19,Quang Ngai,Central,Pediatrics,58.0,0.737450102069206,0.859221004101653,0.411077522421904,0.4403014536633146,0,False,Tier 2,47293588.0,13.0,7.0,13.0,0,0,,0,0,0,0,42.77210592001395,855.442118400279,0.008182903143804003,High Potential,Low Uptake,Untapped Potential,0,0,0
HCP04385,HCO1865,Hospital,P09,Nam Dinh,North,Pediatrics,114.0,0.8961210991928059,0.8588298655239045,0.5031354856757688,0.5396763769366968,1,False,Tier 1,85045402.0,26.0,10.0,26.0,1,2,2026-08-01,1,1,0,1,102.15780530797987,2043.1561061595974,0.00489438862251031,High Potential,Low Uptake,Untapped Potential,0,0,0
HCP03908,HCO1238,Vax Center,P30,Kien Giang,South,General Practice,82.0,0.7426657698192276,0.8574387984621102,0.1116947706940139,0.4637319350826347,1,False,Tier 2,82766927.0,24.0,14.0,24.0,0,0,,0,0,1,0,60.89859312517666,1217.9718625035332,0.011494518412948466,High Potential,Low Uptake,Untapped Potential,1,0,0
HCP03304,HCO1840,Vax Center,P24,Binh Duong,South,Gynecology,73.0,0.8937050902852341,0.8573890543115611,0.8847931088589457,0.5007004490589936,1,False,Tier 2,77428921.0,22.0,11.0,22.0,1,3,2026-08-01,1,1,0,1,65.2404715908221,1304.809431816442,0.008430349851691952,High Potential,Low Uptake,Untapped Potential,0,0,0
HCP03531,HCO1947,Vax Center,P14,Quang Binh,Central,Pediatrics,182.0,0.3876223271371453,0.8569637841052756,0.5454206455654967,0.4497164919992357,1,False,Tier 1,33556459.0,11.0,5.0,11.0,1,2,2026-05-01,0,1,0,0,70.54726353896044,1410.9452707792088,0.003543723561466491,High Potential,Low Uptake,Untapped Potential,0,1,0
HCP03124,HCO1233,Vax Center,P10,Ninh Binh,North,General Practice,78.0,0.5915773470526166,0.8568729768497942,0.6777261949000488,0.4145885402264845,0,False,Tier 2,40268912.0,11.0,6.0,11.0,0,0,,0,0,0,0,46.14303307010409,922.8606614020817,0.006501523199487486,High Potential,Low Uptake,Untapped Potential,0,0,0
HCP00187,HCO1231,Vax Center,P02,Hai Phong,North,Gynecology,91.0,0.8828770850296296,0.8565722242689575,0.658234843248818,0.5139553481404582,1,False,Tier 2,188195466.0,53.0,26.0,53.0,1,1,2025-06-01,0,1,0,0,80.3418147376963,1606.8362947539258,0.016180864276520275,High Potential,Low Uptake,Untapped Potential,0,1,0
HCP02054,HCO1959,Vax Center,P30,Kien Giang,South,Family Medicine,51.0,0.8165245333514979,0.8560519048448741,0.2179331859152878,0.4569084817151649,1,False,Tier 2,83641766.0,24.0,12.0,24.0,0,0,,0,0,1,0,41.64275120092639,832.8550240185278,0.014408269931662256,High Potential,Low Uptake,Untapped Potential,1,0,0
HCP00017,HCO0418,Hospital,P19,Quang Ngai,Central,General Practice,86.0,0.7938921064610475,0.8555483132059463,0.5795599924480446,0.4824254427276516,1,False,Tier 2,112821660.0,32.0,17.0,32.0,1,1,2025-04-01,0,1,0,0,68.27472115565008,1365.4944231130016,0.012449702988346195,High Potential,Low Uptake,Untapped Potential,0,1,0
HCP03198,HCO1605,Hospital,P30,Kien Giang,South,Gynecology,81.0,0.815567376085989,0.8543823936699942,0.5951418438689954,0.484065210078314,1,False,Tier 2,86769737.0,25.0,11.0,25.0,0,0,,0,0,1,0,66.0609574629651,1321.2191492593022,0.008325643786018985,High Potential,Low Uptake,Untapped Potential,1,0,0
HCP01070,HCO1074,Vax Center,P25,Ho Chi Minh City,South,General Practice,57.0,0.8488225645070525,0.8543660254223396,0.4664168839155237,0.4718162707328799,1,False,Tier 2,116010426.0,30.0,15.0,30.0,0,0,,0,0,1,0,48.38288617690199,967.6577235380398,0.015501348912046721,High Potential,Low Uptake,Untapped Potential,1,0,0
HCP00453,HCO1412,Hospital,P02,Hai Phong,North,Gynecology,91.0,0.6445741149383791,0.8538129783400553,0.4614522168200785,0.4419126079273026,0,False,Tier 2,128625377.0,36.0,18.0,36.0,1,2,2026-02-01,0,0,0,0,58.656244459392504,1173.1248891878502,0.015343634906988745,High Potential,Low Uptake,Untapped Potential,0,1,0
HCP04185,HCO0821,Vax Center,P06,Hung Yen,North,Family Medicine,104.0,0.8390463765944672,0.8510295831816646,0.7164536357207411,0.5117346444294879,1,False,Tier 1,161269654.0,44.0,22.0,44.0,1,2,2026-04-01,0,1,0,0,87.26082316582459,1745.2164633164919,0.012605886124975398,High Potential,Low Uptake,Untapped Potential,0,1,0
HCP03882,HCO1084,Vax Center,P28,Tien Giang,South,Oncology,323.0,0.6647520604607393,0.849870081546338,0.7246108907132474,0.661992227040082,1,False,Tier 1,283626842.0,81.0,40.0,81.0,1,3,2026-03-01,0,1,0,0,214.7149155288188,4294.298310576376,0.009314676603040008,High Potential,Low Uptake,Untapped Potential,0,1,0
HCP01882,HCO1190,Vax Center,P02,Hai Phong,North,General Practice,85.0,0.6804808570165196,0.8498371029127358,0.4018308684431921,0.4463338999097253,1,False,Tier 2,97470589.0,32.0,14.0,32.0,1,2,2026-06-01,0,1,0,0,57.84087284640417,1156.8174569280834,0.012102168683706463,High Potential,Low Uptake,Untapped Potential,0,1,0
HCP03459,HCO1670,Vax Center,P22,Lam Dong,South,Gynecology,47.0,0.9222124218642112,0.8496967802917516,0.7059241400535343,0.4836401196546507,1,False,Tier 2,100290847.0,26.0,13.0,26.0,1,3,2026-08-01,1,1,0,1,43.343983827617926,866.8796765523585,0.01499631419633912,High Potential,Low Uptake,Untapped Potential,0,0,0
HCP00203,HCO1737,Vax Center,P30,Kien Giang,South,Infectious Disease,69.0,0.8851440767724258,0.8487412966241835,0.5278930471779786,0.4926988897639718,1,False,Tier 2,47062873.0,14.0,7.0,14.0,1,2,2026-05-01,0,1,0,0,61.07494129729738,1221.4988259459476,0.005730664533859941,High Potential,Low Uptake,Untapped Potential,0,1,0
HCP00494,HCO0571,Vax Center,P14,Quang Binh,Central,Pediatrics,61.0,0.6962264451936296,0.8479704682105712,0.5297272921490667,0.4284620272002031,0,False,Tier 2,34845622.0,10.0,6.0,10.0,1,1,2026-08-01,1,0,0,0,42.469813156811405,849.3962631362281,0.007063840824830314,High Potential,Low Uptake,Untapped Potential,0,0,0
HCP00304,HCO1871,Vax Center,P17,Da Nang,Central,Gynecology,132.0,0.4619878353488229,0.8477628827961661,0.5292129252537028,0.4238896679046208,0,False,Tier 1,56646280.0,17.0,9.0,17.0,1,1,2025-10-01,0,0,0,0,60.98239426604462,1219.6478853208923,0.007379178948547169,High Potential,Low Uptake,Untapped Potential,0,1,0
HCP02211,HCO0102,Vax Center,P27,Long An,South,Gynecology,100.0,0.8064719105337194,0.8465180165249594,0.7289022964869714,0.4973562875762188,1,False,Tier 2,47684037.0,15.0,6.0,15.0,1,2,2026-05-01,0,1,0,0,80.64719105337194,1612.9438210674389,0.0037199063734465513,High Potential,Low Uptake,Untapped Potential,0,1,0
HCP02642,HCO0476,Vax Center,P24,Binh Duong,South,Oncology,249.0,0.5356999671084216,0.8464454454938264,0.7341375551460477,0.5540731533053658,1,False,Tier 1,86001098.0,23.0,13.0,23.0,1,2,2026-08-01,1,1,0,1,133.389291809997,2667.7858361999397,0.004872954876511948,High Potential,Low Uptake,Untapped Potential,0,0,0
HCP00608,HCO1401,Vax Center,P28,Tien Giang,South,Gynecology,91.0,0.6713999386665853,0.8463175525703556,0.3396547574615989,0.4484612698918245,1,False,Tier 2,56959054.0,15.0,7.0,15.0,0,0,,0,0,1,0,61.09739441865926,1221.9478883731854,0.005728558530690947,High Potential,Low Uptake,Untapped Potential,1,0,0
HCP02871,HCO0186,Vax Center,P22,Lam Dong,South,Infectious Disease,115.0,0.7778239552241094,0.8462527113184196,0.1269294984327595,0.5025977288309168,1,False,Tier 1,88565799.0,24.0,13.0,24.0,1,2,2026-07-01,0,1,0,0,89.44975485077258,1788.9950970154516,0.007266649317087379,High Potential,Low Uptake,Untapped Potential,0,1,0
HCP03330,HCO0230,Vax Center,P18,Quang Nam,Central,Gynecology,167.0,0.8576330459459559,0.8459988518213949,0.639286605144484,0.5746378322962139,1,False,Tier 1,192693576.0,52.0,28.0,52.0,1,5,2026-05-01,0,1,0,0,143.22471867297463,2864.4943734594926,0.00977484901329514,High Potential,Low Uptake,Untapped Potential,0,1,0
HCP03207,HCO0226,Vax Center,P23,Dong Nai,South,Gynecology,80.0,0.840590425114297,0.845993837267881,0.3888736472196613,0.4889684875804579,1,False,Tier 2,121600686.0,33.0,17.0,33.0,1,3,2026-04-01,0,1,0,0,67.24723400914377,1344.9446801828753,0.012639925084270729,High Potential,Low Uptake,Untapped Potential,0,1,0
HCP00292,HCO1903,Vax Center,P23,Dong Nai,South,General Practice,267.0,0.6891260449468336,0.845332708300293,0.6593224952207756,0.6165450958848494,1,False,Tier 1,307322019.0,90.0,46.0,90.0,1,2,2025-11-01,0,1,0,0,183.99665400080457,3679.9330800160915,0.012500227313861603,High Potential,Low Uptake,Untapped Potential,0,1,0
HCP02415,HCO0872,Vax Center,P08,Vinh Phuc,North,Gynecology,138.0,0.6138157512120344,0.8452986207968131,0.4506490412256365,0.4745007458192692,1,False,Tier 1,84695259.0,24.0,14.0,24.0,1,4,2026-04-01,0,1,0,0,84.70657366726074,1694.1314733452148,0.008263821444952996,High Potential,Low Uptake,Untapped Potential,0,1,0
HCP00034,HCO0008,Vax Center,P14,Quang Binh,Central,Gynecology,172.0,0.8227636704310731,0.845172464262752,0.2080720787779244,0.5686413717596501,1,False,Tier 1,134444822.0,41.0,19.0,41.0,1,2,2026-07-01,0,1,0,0,141.51535131414457,2830.3070262828915,0.006713052620638526,High Potential,Low Uptake,Untapped Potential,0,1,0
HCP01055,HCO1212,Vax Center,P10,Ninh Binh,North,Gynecology,128.0,0.4716735404643885,0.8443798937855438,0.7474230059093684,0.4224150779334623,0,False,Tier 1,120656711.0,34.0,18.0,34.0,1,2,2025-05-01,0,0,0,0,60.374213179441725,1207.4842635888344,0.014907026569854542,High Potential,Low Uptake,Untapped Potential,0,1,0
HCP00663,HCO1068,Vax Center,P24,Binh Duong,South,Pediatrics,71.0,0.9509897470486236,0.8440610877838142,0.8589369242407401,0.5133684009306092,1,False,Tier 2,151616413.0,45.0,21.0,45.0,1,1,2025-01-01,0,1,0,0,67.52027204045227,1350.4054408090453,0.01555088521223569,High Potential,Low Uptake,Untapped Potential,0,1,0
HCP03657,HCO1825,Vax Center,P25,Ho Chi Minh City,South,Infectious Disease,103.0,0.601146102586453,0.8438545738681165,0.2691827434999355,0.438003634438448,0,False,Tier 1,124471672.0,39.0,17.0,39.0,1,2,2025-12-01,0,0,0,0,61.91804856640466,1238.3609713280932,0.013727822818711875,High Potential,Low Uptake,Untapped Potential,0,1,0
HCP02828,HCO1947,Vax Center,P14,Quang Binh,Central,General Practice,152.0,0.5132838643718842,0.8436795008321418,0.2260493075534821,0.4569803187372528,1,False,Tier 1,27885208.0,9.0,4.0,9.0,1,1,2025-02-01,0,1,0,0,78.0191473845264,1560.382947690528,0.0025634732845038265,High Potential,Low Uptake,Untapped Potential,0,1,0
HCP03003,HCO0887,Hospital,P03,Quang Ninh,North,Infectious Disease,236.0,0.7226955854350648,0.8430797933667752,0.3561702327430596,0.5974616713409115,1,False,Tier 1,399768617.0,112.0,53.0,112.0,1,3,2025-11-01,0,1,0,0,170.5561581626753,3411.123163253506,0.015537404386609412,High Potential,Low Uptake,Untapped Potential,0,1,0
HCP01335,HCO0312,Vax Center,P29,Can Tho,South,Gynecology,59.0,0.779158642061665,0.8427986133965107,0.3477121575618849,0.4504554634459498,1,False,Tier 2,68123292.0,22.0,10.0,22.0,1,3,2025-11-01,0,1,0,0,45.97035988163823,919.4071976327646,0.010876573541894615,High Potential,Low Uptake,Untapped Potential,0,1,0
HCP00592,HCO0009,Vax Center,P07,Thai Nguyen,North,Oncology,89.0,0.8974211547808059,0.841516518738773,0.3999952569742253,0.5134555761079223,1,False,Tier 2,177622634.0,50.0,23.0,50.0,1,2,2026-08-01,1,1,0,1,79.87048277549172,1597.4096555098345,0.014398310364950965,High Potential,Low Uptake,Untapped Potential,0,0,0
HCP00780,HCO0313,Vax Center,P24,Binh Duong,South,General Practice,184.0,0.9145956894724988,0.8405519728936967,0.7371830596530367,0.6063779903093779,1,False,Tier 1,350852590.0,100.0,49.0,100.0,1,4,2026-08-01,1,1,0,1,168.28560686293977,3365.7121372587953,0.01455858314725277,High Potential,Low Uptake,Untapped Potential,0,0,0
HCP00523,HCO0165,Vax Center,P05,Hai Duong,North,Gynecology,73.0,0.6566746777659067,0.8383968682387732,0.6573917983840932,0.4257928880886377,0,False,Tier 2,115243530.0,31.0,15.0,31.0,0,0,,0,0,0,0,47.93725147691119,958.7450295382239,0.015645452688526268,High Potential,Low Uptake,Untapped Potential,0,0,0
HCP03671,HCO1025,Vax Center,P08,Vinh Phuc,North,Family Medicine,211.0,0.6747221476926757,0.8382483110388339,0.5307499373170153,0.5589551954044584,1,False,Tier 1,238527729.0,71.0,35.0,71.0,1,1,2025-10-01,0,1,0,0,142.36637316315458,2847.3274632630914,0.012292228572785701,High Potential,Low Uptake,Untapped Potential,0,1,0
HCP03416,HCO0044,Vax Center,P07,Thai Nguyen,North,General Practice,118.0,0.8740438710466205,0.8381109089535975,0.554282156330712,0.5326131208824835,1,False,Tier 1,192703971.0,56.0,28.0,56.0,0,0,,0,0,1,0,103.13717678350122,2062.7435356700244,0.013574154768059902,High Potential,Low Uptake,Untapped Potential,1,0,0
HCP03493,HCO0252,Vax Center,P06,Hung Yen,North,Oncology,97.0,0.8789457532595598,0.8372648394237331,0.3884829983025502,0.5144700271959479,1,False,Tier 2,154591548.0,44.0,21.0,44.0,1,2,2026-08-01,1,1,0,1,85.2577380661773,1705.154761323546,0.012315597666747703,High Potential,Low Uptake,Untapped Potential,0,0,0
HCP03364,HCO1255,Vax Center,P27,Long An,South,Gynecology,59.0,0.7365023778673049,0.8370521075859246,0.0702528343756309,0.4365092830255245,0,False,Tier 2,15448718.0,4.0,2.0,4.0,1,2,2026-08-01,1,0,0,0,43.45364029417099,869.0728058834197,0.002301303166386599,High Potential,Low Uptake,Untapped Potential,0,0,0
HCP03189,HCO0352,Vax Center,P28,Tien Giang,South,Oncology,114.0,0.6341691525993085,0.836758665909887,0.2258538483999687,0.456676553035844,1,False,Tier 1,164183499.0,44.0,21.0,44.0,1,5,2026-08-01,1,1,0,1,72.29528339632117,1445.9056679264233,0.014523769057573547,High Potential,Low Uptake,Untapped Potential,0,0,0
HCP04234,HCO0296,Vax Center,P20,Binh Dinh,Central,General Practice,207.0,0.7571807766975365,0.8366867960241842,0.6365454097160165,0.5796767773992829,1,False,Tier 1,133221269.0,35.0,16.0,35.0,1,2,2025-06-01,0,1,0,0,156.73642077639005,3134.728415527801,0.005104110429708803,High Potential,Low Uptake,Untapped Potential,0,1,0
HCP03322,HCO1819,Vax Center,P12,Nghe An,Central,Gynecology,129.0,0.6628327232586866,0.8366698436544623,0.4914489192122461,0.4791467486714614,1,False,Tier 1,113228949.0,31.0,17.0,31.0,1,2,2026-05-01,0,1,0,0,85.50542130037057,1710.1084260074115,0.009940890145597308,High Potential,Low Uptake,Untapped Potential,0,1,0
HCP03902,HCO0006,Vax Center,P06,Hung Yen,North,Pediatrics,57.0,0.759498973036791,0.8362080740045433,0.4218265492588816,0.4413876030082423,0,False,Tier 2,58354888.0,18.0,9.0,18.0,0,0,,0,0,0,0,43.29144146309709,865.8288292619418,0.010394664275237712,High Potential,Low Uptake,Untapped Potential,0,0,0
HCP00905,HCO1871,Vax Center,P17,Da Nang,Central,Infectious Disease,62.0,0.7324507661083264,0.835770336627096,0.8276040707468589,0.437815223083843,0,False,Tier 2,67571488.0,19.0,8.0,19.0,1,1,2025-04-01,0,0,0,0,45.41194749871624,908.2389499743248,0.008808254700182318,High Potential,Low Uptake,Untapped Potential,0,1,0
HCP02901,HCO1074,Vax Center,P25,Ho Chi Minh City,South,Gynecology,53.0,0.9238305041277136,0.8353967684276434,0.5024456202683655,0.4868210975164354,1,False,Tier 2,40125659.0,12.0,6.0,12.0,1,3,2026-05-01,0,1,0,0,48.96301671876882,979.2603343753764,0.006127073454708155,High Potential,Low Uptake,Untapped Potential,0,1,0
HCP02908,HCO1960,Vax Center,P04,Bac Ninh,North,Oncology,185.0,0.3389809622698466,0.8349004715401261,0.7028501133114586,0.433489197803794,0,False,Tier 1,73487312.0,22.0,9.0,22.0,1,1,2025-10-01,0,0,0,0,62.71147801992162,1254.2295603984323,0.007175719887466981,High Potential,Low Uptake,Untapped Potential,0,1,0
HCP02978,HCO1125,Vax Center,P16,Hue,Central,Gynecology,85.0,0.7767260331676631,0.8348002909329701,0.8065187888335429,0.4722000903591152,1,False,Tier 2,136010222.0,36.0,20.0,36.0,1,3,2026-05-01,0,1,0,0,66.02171281925136,1320.4342563850273,0.01514653221339039,High Potential,Low Uptake,Untapped Potential,0,1,0
HCP03901,HCO1780,Vax Center,P03,Quang Ninh,North,Family Medicine,114.0,0.8346269171543597,0.8343164101299484,0.2671776653308612,0.5163254312463716,1,False,Tier 1,61777898.0,19.0,9.0,19.0,1,1,2025-08-01,0,1,0,0,95.147468555597,1902.94937111194,0.0047295004988709075,High Potential,Low Uptake,Untapped Potential,0,1,0
HCP03458,HCO0595,Vax Center,P30,Kien Giang,South,General Practice,76.0,0.9154279449976296,0.8339294454349189,0.6054988043369718,0.5053031614751615,1,False,Tier 2,53471092.0,14.0,7.0,14.0,1,2,2026-05-01,0,1,0,0,69.57252381981985,1391.4504763963969,0.0050307216237610725,High Potential,Low Uptake,Untapped Potential,0,1,0
HCP04187,HCO1075,Vax Center,P04,Bac Ninh,North,General Practice,104.0,0.8049711710300896,0.831894208351036,0.3895593567010677,0.4976850077940489,1,False,Tier 1,95030102.0,28.0,15.0,28.0,0,0,,0,0,1,0,83.71700178712932,1674.3400357425865,0.008958753705813019,High Potential,Low Uptake,Untapped Potential,1,0,0
HCP00770,HCO0228,Vax Center,P03,Quang Ninh,North,Infectious Disease,69.0,0.8700340301984454,0.8311329324889316,0.8181594410465453,0.4846442029647273,1,False,Tier 2,131656867.0,39.0,19.0,39.0,1,2,2025-06-01,0,1,0,0,60.03234808369273,1200.6469616738545,0.015824801633205803,High Potential,Low Uptake,Untapped Potential,0,1,0
HCP04449,HCO1318,Hospital,P11,Thanh Hoa,Central,General Practice,183.0,0.6955511750418933,0.8304736972312039,0.7505977411827489,0.5377230549217717,1,False,Tier 1,67817015.0,18.0,10.0,18.0,1,1,2026-08-01,1,1,0,1,127.28586503266648,2545.7173006533294,0.003928165942633777,High Potential,Low Uptake,Untapped Potential,0,0,0
HCP00235,HCO1792,Vax Center,P14,Quang Binh,Central,General Practice,116.0,0.4348758664697419,0.8297252872027293,0.1895745118817888,0.3973337433073944,0,False,Tier 1,104238586.0,26.0,15.0,26.0,1,1,2025-01-01,0,0,0,0,50.44560051049006,1008.9120102098012,0.014867500682126661,High Potential,Low Uptake,Untapped Potential,0,1,0
HCP03086,HCO1778,Vax Center,P13,Ha Tinh,Central,Gynecology,76.0,0.8283309552072121,0.8294455913961087,0.4413733576213701,0.4782772937302743,1,False,Tier 2,95338203.0,29.0,13.0,29.0,0,0,,0,0,1,0,62.95315259574812,1259.0630519149624,0.010325138189249338,High Potential,Low Uptake,Untapped Potential,1,0,0
HCP03697,HCO0276,Vax Center,P14,Quang Binh,Central,Family Medicine,144.0,0.8518807411543325,0.8293761544041218,0.7458588456430303,0.5482913050789759,1,False,Tier 1,277156015.0,74.0,39.0,74.0,1,1,2025-04-01,0,1,0,0,122.67082672622388,2453.4165345244774,0.01589620003419395,High Potential,Low Uptake,Untapped Potential,0,1,0
HCP03027,HCO1259,Vax Center,P13,Ha Tinh,Central,Family Medicine,68.0,0.864821139658269,0.8293590298838484,0.7530255913201617,0.4817996293557318,1,False,Tier 2,124137581.0,35.0,18.0,35.0,1,2,2026-06-01,0,1,0,0,58.80783749676229,1176.156749935246,0.01530408255616524,High Potential,Low Uptake,Untapped Potential,0,1,0
HCP02105,HCO1989,Vax Center,P19,Quang Ngai,Central,Family Medicine,61.0,0.7806217679390778,0.8293182270105056,0.4580192074006532,0.4500501757838244,1,False,Tier 2,108345265.0,32.0,14.0,32.0,1,3,2026-03-01,0,1,0,0,47.61792784428374,952.3585568856748,0.01470034568259843,High Potential,Low Uptake,Untapped Potential,0,1,0
HCP04700,HCO0044,Vax Center,P07,Thai Nguyen,North,General Practice,71.0,0.9376693390999102,0.8291954527209334,0.2327924949622125,0.506399151533419,1,False,Tier 2,144641216.0,43.0,21.0,43.0,0,0,,0,0,1,0,66.57452307609363,1331.4904615218725,0.015771799052917986,High Potential,Low Uptake,Untapped Potential,1,0,0
HCP01133,HCO1123,Vax Center,P03,Quang Ninh,North,Pediatrics,116.0,0.5675303843661118,0.8286259048154186,0.2887216287357367,0.4369102221988432,0,False,Tier 1,112917048.0,32.0,16.0,32.0,1,1,2026-03-01,0,0,0,0,65.83352458646897,1316.6704917293794,0.012151863431666049,High Potential,Low Uptake,Untapped Potential,0,1,0
HCP00812,HCO0628,Vax Center,P08,Vinh Phuc,North,General Practice,129.0,0.3397115368587193,0.8285981147920743,0.2291430309921878,0.3805960469789936,0,False,Tier 1,56886685.0,16.0,9.0,16.0,0,0,,0,0,0,0,43.82278825477479,876.4557650954958,0.010268630042064231,High Potential,Low Uptake,Untapped Potential,0,0,0
HCP02691,HCO1672,Vax Center,P30,Kien Giang,South,Family Medicine,156.0,0.7817585592074033,0.828307146183315,0.858204654358411,0.538151959961847,1,False,Tier 1,144144752.0,40.0,19.0,40.0,0,0,,0,0,1,0,121.95433523635492,2439.0867047270985,0.007789800978856899,High Potential,Low Uptake,Untapped Potential,1,0,0
HCP03446,HCO1733,Vax Center,P06,Hung Yen,North,Family Medicine,216.0,0.820836087142308,0.8280267933578427,0.5390843227982172,0.6053747033327794,1,False,Tier 1,202106205.0,60.0,28.0,60.0,1,2,2025-09-01,0,1,0,0,177.30059482273853,3546.0118964547705,0.0078961946032933,High Potential,Low Uptake,Untapped Potential,0,1,0
HCP03784,HCO0112,Vax Center,P14,Quang Binh,Central,Gynecology,301.0,0.9000251795346067,0.8280168946547731,0.7651252892411636,0.7078331550135589,1,False,Tier 1,429957276.0,121.0,58.0,121.0,1,3,2026-07-01,0,1,0,0,270.90757903991664,5418.151580798332,0.010704757726887745,High Potential,Low Uptake,Untapped Potential,0,1,0
HCP02747,HCO1123,Vax Center,P03,Quang Ninh,North,General Practice,105.0,0.7963213865810489,0.8275741652672169,0.2271504264115464,0.4951519897684988,1,False,Tier 1,141843684.0,37.0,18.0,37.0,1,5,2026-02-01,0,1,0,0,83.61374559101013,1672.2749118202025,0.010763780448280325,High Potential,Low Uptake,Untapped Potential,0,1,0
HCP00105,HCO1052,Vax Center,P27,Long An,South,Gynecology,94.0,0.5704592783805581,0.8271224279908287,0.4713231735154611,0.4171178246678887,0,False,Tier 2,80985999.0,24.0,12.0,24.0,0,0,,0,0,0,0,53.62317216777246,1072.4634433554493,0.011189192577469337,High Potential,Low Uptake,Untapped Potential,0,0,0
HCP01968,HCO0077,Vax Center,P13,Ha Tinh,Central,General Practice,72.0,0.7685672085458002,0.8262536145117354,0.5913054988229823,0.4560060706512723,1,False,Tier 2,64014963.0,17.0,10.0,17.0,1,2,2025-10-01,0,1,0,0,55.33683901529761,1106.7367803059524,0.009035572123333196,High Potential,Low Uptake,Untapped Potential,0,1,0
HCP04858,HCO0808,Hospital,P30,Kien Giang,South,Gynecology,69.0,0.7327989536544407,0.825929675379673,0.5834506623065263,0.4424330285796742,0,False,Tier 2,54881367.0,17.0,8.0,17.0,1,1,2025-02-01,0,0,0,0,50.56312780215641,1011.2625560431281,0.00791090301148144,High Potential,Low Uptake,Untapped Potential,0,1,0
HCP01743,HCO0563,Hospital,P09,Nam Dinh,North,General Practice,82.0,0.5235305026727574,0.8259129642084198,0.6144900189188396,0.3916861880879556,0,False,Tier 2,61910989.0,15.0,8.0,15.0,1,2,2026-06-01,0,0,0,0,42.929501219166106,858.5900243833221,0.009317601850482667,High Potential,Low Uptake,Untapped Potential,0,1,0
HCP02247,HCO1904,Vax Center,P24,Binh Duong,South,Oncology,207.0,0.4815630448495413,0.8258267020986367,0.3126128247741137,0.4948194390597749,1,False,Tier 1,87830743.0,22.0,12.0,22.0,0,0,,0,0,1,0,99.68355028385506,1993.6710056771012,0.006019047257962452,High Potential,Low Uptake,Untapped Potential,1,0,0
HCP03820,HCO1501,Vax Center,P09,Nam Dinh,North,General Practice,44.0,0.9129105857877372,0.8258256776627572,0.9166747655530812,0.4732975705281319,1,False,Tier 3,26698880.0,6.0,4.0,6.0,0,0,,0,0,1,0,40.168065774660434,803.3613154932086,0.004979079677920856,High Potential,Low Uptake,Untapped Potential,1,0,0
HCP01237,HCO1713,Hospital,P01,Hanoi,North,Pediatrics,118.0,0.4818715109176494,0.8251958007185382,0.64471490295336,0.4123783911967802,0,False,Tier 1,89692193.0,27.0,11.0,27.0,1,2,2026-03-01,0,0,0,0,56.86083828828263,1137.2167657656526,0.00967273815436061,High Potential,Low Uptake,Untapped Potential,0,1,0
HCP01760,HCO0873,Vax Center,P02,Hai Phong,North,Infectious Disease,169.0,0.93462534270052,0.8247546807777877,0.7942845624461966,0.5953385389657135,1,False,Tier 1,135051034.0,41.0,20.0,41.0,1,5,2026-07-01,0,1,0,0,157.95168291638788,3159.0336583277576,0.0063310499865288075,High Potential,Low Uptake,Untapped Potential,0,1,0
HCP02698,HCO1442,Hospital,P06,Hung Yen,North,Gynecology,62.0,0.7449386874952006,0.8246344825927835,0.3752045104244225,0.4393344286930428,0,False,Tier 2,84185364.0,26.0,11.0,26.0,0,0,,0,0,0,0,46.18619862470244,923.7239724940489,0.011908319289690047,High Potential,Low Uptake,Untapped Potential,0,0,0
HCP00482,HCO0534,Vax Center,P19,Quang Ngai,Central,Gynecology,213.0,0.3667144443354426,0.824571456896676,0.5676844580897498,0.4656693654207087,1,False,Tier 1,171670742.0,49.0,23.0,49.0,0,0,,0,0,1,0,78.11017664344928,1562.2035328689856,0.0147227934875813,High Potential,Low Uptake,Untapped Potential,1,0,0
HCP00600,HCO0005,Vax Center,P14,Quang Binh,Central,Pediatrics,51.0,0.7997479371212627,0.8245629671195133,0.7876999930153485,0.4455777153010222,1,False,Tier 2,86412577.0,25.0,10.0,25.0,1,3,2025-11-01,0,1,0,0,40.787144793184396,815.7428958636879,0.012258764435100907,High Potential,Low Uptake,Untapped Potential,0,1,0
HCP04073,HCO0931,Vax Center,P16,Hue,Central,Oncology,85.0,0.6511759924611478,0.8243703559850492,0.5736095774825278,0.4324490911575763,0,False,Tier 2,103130975.0,25.0,15.0,25.0,0,0,,0,0,0,0,55.34995935919756,1106.9991871839513,0.013550145450565206,High Potential,Low Uptake,Untapped Potential,0,0,0
HCP02325,HCO0441,Vax Center,P12,Nghe An,Central,Oncology,75.0,0.8878575874225985,0.8242484397809032,0.5086326563914436,0.4941699271459231,1,False,Tier 2,82663494.0,24.0,11.0,24.0,1,3,2026-05-01,0,1,0,0,66.58931905669489,1331.7863811338977,0.0082595828849327,High Potential,Low Uptake,Untapped Potential,0,1,0
HCP04706,HCO0090,Vax Center,P19,Quang Ngai,Central,Infectious Disease,130.0,0.8645454001455731,0.8241492228938367,0.2840924328724875,0.5380823535113282,1,False,Tier 1,166219126.0,47.0,23.0,47.0,1,4,2026-06-01,0,1,0,0,112.3909020189245,2247.81804037849,0.010232144945383229,High Potential,Low Uptake,Untapped Potential,0,1,0
HCP01024,HCO1740,Hospital,P24,Binh Duong,South,Gynecology,148.0,0.7007477094271437,0.8236903090869243,0.7182089194234168,0.5055179302010835,1,False,Tier 1,179718893.0,53.0,27.0,53.0,1,1,2025-06-01,0,1,0,0,103.71066099521727,2074.2132199043454,0.013016983857255107,High Potential,Low Uptake,Untapped Potential,0,1,0
HCP01017,HCO0936,Hospital,P14,Quang Binh,Central,Gynecology,75.0,0.7078398198579118,0.8230234925493,0.715292710979613,0.4399196074301965,0,False,Tier 2,102774074.0,29.0,13.0,29.0,1,2,2025-08-01,0,0,0,0,53.087986489343386,1061.7597297868676,0.012243824695262792,High Potential,Low Uptake,Untapped Potential,0,1,0
HCP01086,HCO1558,Vax Center,P17,Da Nang,Central,Gynecology,96.0,0.4854375667182416,0.8228806681620768,0.5427782182617167,0.3926148110552953,0,False,Tier 2,41287554.0,11.0,7.0,11.0,0,0,,0,0,0,0,46.6020064049512,932.040128099024,0.007510406246431795,High Potential,Low Uptake,Untapped Potential,0,0,0
HCP03985,HCO1905,Vax Center,P21,Khanh Hoa,South,Pediatrics,77.0,0.8032008597006417,0.8228458164413531,0.2971641220953472,0.4703442360132779,1,False,Tier 2,112096533.0,29.0,15.0,29.0,1,3,2026-07-01,0,1,0,0,61.84646619694941,1236.929323938988,0.012126804425844366,High Potential,Low Uptake,Untapped Potential,0,1,0
HCP03231,HCO1798,Vax Center,P14,Quang Binh,Central,General Practice,60.0,0.8618141568793292,0.8221726179557152,0.6749703720504302,0.4720528447290159,1,False,Tier 2,29362712.0,10.0,4.0,10.0,1,2,2025-07-01,0,1,0,0,51.70884941275975,1034.1769882551948,0.0038678099062604116,High Potential,Low Uptake,Untapped Potential,0,1,0
HCP03444,HCO0590,Vax Center,P01,Hanoi,North,Infectious Disease,227.0,0.5981570904099468,0.8216564964814064,0.5560792689628806,0.547482130122969,1,False,Tier 1,225459665.0,63.0,33.0,63.0,1,2,2026-07-01,0,1,0,0,135.78165952305793,2715.6331904611584,0.01215186208355189,High Potential,Low Uptake,Untapped Potential,0,1,0
HCP01510,HCO0416,Vax Center,P21,Khanh Hoa,South,Gynecology,82.0,0.9092804480542276,0.8214264007375783,0.4747788420730749,0.5065138590082284,1,False,Tier 2,85504557.0,23.0,11.0,23.0,1,2,2026-03-01,0,1,0,0,74.56099674044667,1491.2199348089334,0.00737651083065048,High Potential,Low Uptake,Untapped Potential,0,1,0
HCP00375,HCO1397,Vax Center,P03,Quang Ninh,North,Oncology,81.0,0.5649039608514838,0.8213793300399922,0.6617431461363626,0.402265572781962,0,False,Tier 2,86973866.0,24.0,15.0,24.0,0,0,,0,0,0,0,45.75722082897018,915.1444165794037,0.016390855616063855,High Potential,Low Uptake,Untapped Potential,0,0,0
HCP01089,HCO1658,Vax Center,P15,Quang Tri,Central,General Practice,92.0,0.7685412786352074,0.8213055626175447,0.4192538313913171,0.4735271998177748,1,False,Tier 2,127890784.0,35.0,19.0,35.0,1,2,2026-06-01,0,1,0,0,70.70579763443908,1414.1159526887816,0.013435956198551927,High Potential,Low Uptake,Untapped Potential,0,1,0
HCP03503,HCO1177,Vax Center,P19,Quang Ngai,Central,General Practice,66.0,0.7324231671069299,0.8210770224673992,0.5878384035635428,0.4385719842551884,0,False,Tier 2,50375346.0,15.0,6.0,15.0,0,0,,0,0,0,0,48.33992902905737,966.7985805811475,0.0062060496576167605,High Potential,Low Uptake,Untapped Potential,0,0,0
HCP02710,HCO0850,Vax Center,P17,Da Nang,Central,Pediatrics,64.0,0.85617309046895,0.8208555001607182,0.5665002623337292,0.4738008049506064,1,False,Tier 2,77475923.0,21.0,10.0,21.0,1,4,2026-04-01,0,1,0,0,54.7950777900128,1095.901555800256,0.009124907202725649,High Potential,Low Uptake,Untapped Potential,0,1,0
HCP02500,HCO0540,Vax Center,P16,Hue,Central,Gynecology,61.0,0.798278763317356,0.8202134426412283,0.5015130628513766,0.4535263175234524,1,False,Tier 2,110571435.0,34.0,15.0,34.0,1,2,2025-07-01,0,1,0,0,48.69500456235872,973.9000912471744,0.015401990547912397,High Potential,Low Uptake,Untapped Potential,0,1,0
HCP00766,HCO0820,Vax Center,P29,Can Tho,South,Family Medicine,73.0,0.7692696298666848,0.8196855529447256,0.4811884045288185,0.4558291106600616,1,False,Tier 2,94266975.0,28.0,13.0,28.0,1,1,2026-06-01,0,1,0,0,56.15668298026799,1123.1336596053598,0.011574757722574058,High Potential,Low Uptake,Untapped Potential,0,1,0
HCP03060,HCO1070,Vax Center,P05,Hai Duong,North,Gynecology,76.0,0.9017100998300028,0.8186359092319744,0.7533821251095543,0.4981291006842847,1,False,Tier 2,97323147.0,28.0,14.0,28.0,1,1,2026-03-01,0,1,0,0,68.52996758708022,1370.5993517416046,0.010214509427726172,High Potential,Low Uptake,Untapped Potential,0,1,0
HCP04881,HCO1634,Vax Center,P06,Hung Yen,North,Gynecology,56.0,0.8740002760002241,0.817469882982291,0.5276766477816109,0.4710644297668958,1,False,Tier 2,54745177.0,16.0,8.0,16.0,1,5,2026-06-01,0,1,0,0,48.94401545601255,978.880309120251,0.008172602845785956,High Potential,Low Uptake,Untapped Potential,0,1,0
HCP03102,HCO0938,Hospital,P05,Hai Duong,North,Pediatrics,51.0,0.7756463333779368,0.8164564406022023,0.2969917516229903,0.4367259288745622,0,False,Tier 2,104239787.0,28.0,12.0,28.0,1,1,2026-06-01,0,0,0,0,39.557963002274775,791.1592600454956,0.015167616188060468,High Potential,Low Uptake,Untapped Potential,0,1,0
HCP01582,HCO1486,Vax Center,P08,Vinh Phuc,North,Family Medicine,67.0,0.7080421383647316,0.8154384920182166,0.5935944055035786,0.4310558954686184,0,False,Tier 2,73487949.0,19.0,9.0,19.0,1,1,2025-06-01,0,0,0,0,47.43882327043702,948.7764654087404,0.009485901398410773,High Potential,Low Uptake,Untapped Potential,0,1,0
HCP04064,HCO1422,Hospital,P19,Quang Ngai,Central,Pediatrics,95.0,0.8223208698207345,0.8152644679225787,0.3920005459979277,0.4912306360122175,1,False,Tier 2,130285267.0,38.0,18.0,38.0,0,0,,0,0,1,0,78.12048263296978,1562.4096526593958,0.011520666151391211,High Potential,Low Uptake,Untapped Potential,1,0,0
HCP02195,HCO0552,Vax Center,P16,Hue,Central,Infectious Disease,176.0,0.7371181776687494,0.8148739513415614,0.6582826443034852,0.5405917250504186,1,False,Tier 1,186488855.0,52.0,26.0,52.0,1,4,2026-08-01,1,1,0,1,129.7327992696999,2594.655985393998,0.010020596235632334,High Potential,Low Uptake,Untapped Potential,0,0,0
HCP04659,HCO1401,Vax Center,P28,Tien Giang,South,Pediatrics,120.0,0.8653322024456953,0.8148481756399707,0.2379103291160426,0.5271989254913324,1,False,Tier 1,106929064.0,30.0,15.0,30.0,1,1,2025-07-01,0,1,0,0,103.83986429348343,2076.7972858696685,0.0072226596702810505,High Potential,Low Uptake,Untapped Potential,0,1,0
HCP02288,HCO0498,Vax Center,P30,Kien Giang,South,Family Medicine,61.0,0.7688091449577008,0.8136673118010116,0.4955066379355163,0.4433762058475126,1,False,Tier 2,96579107.0,30.0,14.0,30.0,1,2,2025-09-01,0,1,0,0,46.89735784241975,937.947156848395,0.014926214017260344,High Potential,Low Uptake,Untapped Potential,0,1,0
HCP01818,HCO1060,Hospital,P13,Ha Tinh,Central,Infectious Disease,214.0,0.8206958638771251,0.813559681496821,0.4130869876373603,0.6005873621291684,1,False,Tier 1,341904488.0,91.0,48.0,91.0,1,1,2025-06-01,0,1,0,0,175.62891486970477,3512.5782973940954,0.013665175815613887,High Potential,Low Uptake,Untapped Potential,0,1,0
HCP03736,HCO1135,Vax Center,P04,Bac Ninh,North,General Practice,264.0,0.4319235823639251,0.8134181080640274,0.5411822719222538,0.530223659284946,1,False,Tier 1,41980155.0,12.0,7.0,12.0,1,2,2025-12-01,0,1,0,0,114.02782574407622,2280.5565148815244,0.003069426236237628,High Potential,Low Uptake,Untapped Potential,0,1,0
HCP04896,HCO0345,Vax Center,P05,Hai Duong,North,Gynecology,77.0,0.8855812890915821,0.8133959195861639,0.5595223213490723,0.4931683854595222,1,False,Tier 2,112937326.0,31.0,14.0,31.0,1,2,2026-04-01,0,1,0,0,68.18975926005182,1363.7951852010362,0.010265471056004841,High Potential,Low Uptake,Untapped Potential,0,1,0
HCP01662,HCO0925,Hospital,P28,Tien Giang,South,General Practice,120.0,0.5813775840517587,0.8133548556583571,0.2959128863918389,0.4417138759768286,0,False,Tier 1,98034306.0,30.0,13.0,30.0,0,0,,0,0,0,0,69.76531008621104,1395.306201724221,0.009316951350130543,High Potential,Low Uptake,Untapped Potential,0,0,0
HCP03557,HCO1902,Vax Center,P19,Quang Ngai,Central,Infectious Disease,68.0,0.6233049977833176,0.8116608094984791,0.1836956442124456,0.4058051427161726,0,False,Tier 2,58754152.0,14.0,8.0,14.0,1,1,2025-01-01,0,0,0,0,42.3847398492656,847.694796985312,0.009437358856572781,High Potential,Low Uptake,Untapped Potential,0,1,0
HCP04859,HCO1533,Hospital,P26,Ba Ria - Vung Tau,South,Gynecology,78.0,0.8858440083234734,0.8116603204077164,0.6867943459912087,0.4938260073193261,1,False,Tier 2,111667751.0,30.0,15.0,30.0,1,6,2026-01-01,0,1,0,0,69.09583264923093,1381.9166529846186,0.010854489644946017,High Potential,Low Uptake,Untapped Potential,0,1,0
HCP00581,HCO1181,Hospital,P23,Dong Nai,South,Gynecology,138.0,0.6898839419576481,0.8116201991519868,0.2907884081411746,0.490585518713988,1,False,Tier 1,93158722.0,26.0,15.0,26.0,1,2,2026-08-01,1,1,0,1,95.20398399015544,1904.0796798031088,0.007877821584415561,High Potential,Low Uptake,Untapped Potential,0,0,0
HCP03114,HCO1997,Vax Center,P24,Binh Duong,South,Family Medicine,89.0,0.7331733490918435,0.811281521064809,0.1841682654923471,0.4581342348664408,1,False,Tier 2,127438892.0,38.0,19.0,38.0,1,3,2026-05-01,0,1,0,0,65.25242806917407,1305.0485613834815,0.014558845212516925,High Potential,Low Uptake,Untapped Potential,0,1,0
HCP04242,HCO1552,Vax Center,P09,Nam Dinh,North,Gynecology,66.0,0.6464805037616793,0.8111908145393628,0.6759677557759765,0.410811943666006,0,False,Tier 2,98667797.0,26.0,13.0,26.0,1,1,2025-07-01,0,0,0,0,42.667713248270836,853.3542649654167,0.015234001321276388,High Potential,Low Uptake,Untapped Potential,0,1,0
HCP01388,HCO1172,Hospital,P17,Da Nang,Central,Pediatrics,77.0,0.7018266432422817,0.8108535936366961,0.4088277348056957,0.4375335265148385,0,False,Tier 2,51363758.0,12.0,6.0,12.0,1,2,2025-10-01,0,0,0,0,54.04065152965569,1080.8130305931138,0.0055513764454777174,High Potential,Low Uptake,Untapped Potential,0,1,0
HCP03345,HCO0266,Vax Center,P27,Long An,South,Pediatrics,170.0,0.5509148930713766,0.8106318295226027,0.3727452786138821,0.4783267597518594,1,False,Tier 1,57317082.0,15.0,8.0,15.0,1,3,2025-12-01,0,1,0,0,93.65553182213402,1873.1106364426805,0.0042709703550630656,High Potential,Low Uptake,Untapped Potential,0,1,0
HCP04958,HCO1115,Vax Center,P12,Nghe An,Central,Family Medicine,121.0,0.7872803459316795,0.8105784022621999,0.1755628898056745,0.5038553397874994,1,False,Tier 1,53676715.0,14.0,7.0,14.0,1,1,2026-02-01,0,1,0,0,95.26092185773322,1905.2184371546646,0.0036741193888791576,High Potential,Low Uptake,Untapped Potential,0,1,0
HCP02239,HCO1682,Vax Center,P12,Nghe An,Central,General Practice,254.0,0.5579597800910664,0.8100418001715766,0.4802756448562097,0.5580999977653389,1,False,Tier 1,284036521.0,79.0,39.0,79.0,1,1,2025-06-01,0,1,0,0,141.72178414313086,2834.4356828626173,0.013759352606164003,High Potential,Low Uptake,Untapped Potential,0,1,0
HCP03251,HCO1793,Vax Center,P15,Quang Tri,Central,Pediatrics,96.0,0.7757478614521292,0.809926905507041,0.7633982391905373,0.4771171469444544,1,False,Tier 2,65115017.0,19.0,9.0,19.0,1,2,2026-05-01,0,1,0,0,74.4717946994044,1489.435893988088,0.006042556135733881,High Potential,Low Uptake,Untapped Potential,0,1,0
HCP03057,HCO1101,Hospital,P30,Kien Giang,South,Pediatrics,62.0,0.8429317260883986,0.8095172975213097,0.7486828811063097,0.4657089032567074,1,False,Tier 2,36193200.0,11.0,5.0,11.0,1,3,2026-04-01,0,1,0,0,52.261767017480715,1045.2353403496143,0.004783611696795079,High Potential,Low Uptake,Untapped Potential,0,1,0
HCP03164,HCO0634,Vax Center,P03,Quang Ninh,North,Gynecology,100.0,0.8455987948615554,0.8085813541051887,0.309053779864764,0.5015070203906156,1,False,Tier 2,187470437.0,51.0,24.0,51.0,1,3,2026-06-01,0,1,0,0,84.55987948615554,1691.1975897231107,0.014191127131353926,High Potential,Low Uptake,Untapped Potential,0,1,0
HCP02458,HCO0051,Vax Center,P20,Binh Dinh,Central,General Practice,60.0,0.8395450452611075,0.8085776424814761,0.5046817677386051,0.4626531161487015,1,False,Tier 2,116287511.0,32.0,16.0,32.0,1,2,2026-02-01,0,1,0,0,50.37270271566645,1007.4540543133289,0.015881617560123323,High Potential,Low Uptake,Untapped Potential,0,1,0
HCP04492,HCO1715,Hospital,P21,Khanh Hoa,South,General Practice,71.0,0.7434965732625147,0.8084775269452917,0.504605468909066,0.444003736627072,1,False,Tier 2,36720144.0,10.0,4.0,10.0,0,0,,0,0,1,0,52.788256701638545,1055.765134032771,0.003788721441028228,High Potential,Low Uptake,Untapped Potential,1,0,0
HCP01553,HCO1516,Vax Center,P12,Nghe An,Central,General Practice,174.0,0.6964006562997911,0.8084728693092619,0.4675601267451,0.5252444003814193,1,False,Tier 1,242598099.0,67.0,34.0,67.0,1,2,2026-03-01,0,1,0,0,121.17371419616364,2423.474283923273,0.01402944534033126,High Potential,Low Uptake,Untapped Potential,0,1,0
HCP02199,HCO1811,Vax Center,P01,Hanoi,North,General Practice,140.0,0.6334902139376586,0.8080394735144608,0.0669869127714659,0.4748031070323378,1,False,Tier 1,140841002.0,42.0,18.0,42.0,1,1,2026-07-01,0,1,0,0,88.6886299512722,1773.7725990254442,0.010147862251277113,High Potential,Low Uptake,Untapped Potential,0,1,0
HCP00951,HCO1074,Vax Center,P25,Ho Chi Minh City,South,Family Medicine,47.0,0.8753256632452465,0.8065103916100204,0.6410831555955597,0.460936814332615,1,False,Tier 2,75433661.0,22.0,10.0,22.0,1,2,2025-08-01,0,1,0,0,41.140306172526586,822.8061234505317,0.012153531330155705,High Potential,Low Uptake,Untapped Potential,0,1,0
HCP01525,HCO1623,Vax Center,P07,Thai Nguyen,North,Oncology,76.0,0.8731088344578836,0.8059626309501011,0.81853893394171,0.4870140654162742,1,False,Tier 2,38966477.0,10.0,5.0,10.0,1,2,2026-08-01,1,1,0,1,66.35627141879915,1327.1254283759831,0.003767541404220211,High Potential,Low Uptake,Untapped Potential,0,0,0
HCP02793,HCO0591,Vax Center,P23,Dong Nai,South,General Practice,119.0,0.6093543057963835,0.8055802559638162,0.1692810567926407,0.4476260466353819,1,False,Tier 1,141741417.0,38.0,20.0,38.0,1,1,2025-06-01,0,1,0,0,72.51316238976963,1450.2632477953925,0.01379059976207965,High Potential,Low Uptake,Untapped Potential,0,1,0
HCP04456,HCO1375,Vax Center,P06,Hung Yen,North,General Practice,70.0,0.6410605662360304,0.8055295269815594,0.3002733817003518,0.4117574086004543,0,False,Tier 2,65656229.0,17.0,9.0,17.0,0,0,,0,0,0,0,44.87423963652213,897.4847927304426,0.010028025068390355,High Potential,Low Uptake,Untapped Potential,0,0,0
HCP00589,HCO1228,Vax Center,P24,Binh Duong,South,Gynecology,171.0,0.7051389202198644,0.8054527821578218,0.7800155672295136,0.5244840843493755,1,False,Tier 1,232349431.0,66.0,33.0,66.0,1,1,2025-07-01,0,1,0,0,120.5787553575968,2411.575107151936,0.013684002584921733,High Potential,Low Uptake,Untapped Potential,0,1,0
HCP01115,HCO1436,Vax Center,P20,Binh Dinh,Central,Gynecology,85.0,0.5835687171767883,0.8054501425040435,0.9615243972024892,0.4083828658760674,0,False,Tier 2,94978254.0,27.0,13.0,27.0,1,1,2026-04-01,0,0,0,0,49.603340960027005,992.0668192005401,0.013103956052553082,High Potential,Low Uptake,Untapped Potential,0,1,0
HCP04077,HCO0349,Vax Center,P12,Nghe An,Central,Pediatrics,124.0,0.6334938509235483,0.8053532443820407,0.5584258336010166,0.4594521374868059,1,False,Tier 1,92920937.0,25.0,13.0,25.0,1,1,2025-01-01,0,1,0,0,78.55323751451998,1571.0647502903996,0.008274643039121746,High Potential,Low Uptake,Untapped Potential,0,1,0
HCP04816,HCO1715,Hospital,P21,Khanh Hoa,South,Family Medicine,111.0,0.3834059697664609,0.8052067446969541,0.4702604942123127,0.3723594361656254,0,False,Tier 1,29306866.0,9.0,5.0,9.0,1,1,2026-07-01,0,0,0,0,42.55806264407716,851.1612528815432,0.005874327553178521,High Potential,Low Uptake,Untapped Potential,0,1,0
HCP00132,HCO0317,Hospital,P29,Can Tho,South,Family Medicine,67.0,0.8783925520889299,0.8049386666595907,0.2747623540373814,0.4800610545141527,1,False,Tier 2,93860192.0,28.0,15.0,28.0,0,0,,0,0,1,0,58.8523009899583,1177.046019799166,0.012743766809185066,High Potential,Low Uptake,Untapped Potential,1,0,0
HCP02328,HCO0556,Vax Center,P19,Quang Ngai,Central,Pediatrics,81.0,0.7126258570125145,0.8044191960561161,0.2680217889429121,0.4431901148334961,1,False,Tier 2,46247535.0,13.0,7.0,13.0,1,2,2026-03-01,0,1,0,0,57.722694418013674,1154.4538883602736,0.006063473015749842,High Potential,Low Uptake,Untapped Potential,0,1,0
HCP04153,HCO1581,Vax Center,P07,Thai Nguyen,North,Pediatrics,146.0,0.6853665252979547,0.8040443552651498,0.7849263198425862,0.4951225323461201,1,False,Tier 1,133145833.0,41.0,18.0,41.0,1,1,2025-01-01,0,1,0,0,100.0635126935014,2001.2702538700278,0.008994287485756538,High Potential,Low Uptake,Untapped Potential,0,1,0
HCP00402,HCO0257,Vax Center,P02,Hai Phong,North,Pediatrics,82.0,0.9121186912298268,0.802875836926114,0.6826696319541264,0.5036552191986153,1,False,Tier 2,124940561.0,38.0,17.0,38.0,1,1,2026-03-01,0,1,0,0,74.79373268084579,1495.8746536169158,0.011364588576252188,High Potential,Low Uptake,Untapped Potential,0,1,0
HCP00155,HCO1424,Vax Center,P29,Can Tho,South,Oncology,72.0,0.921889774282916,0.8026036797341886,0.5114872115156203,0.4972728534168976,1,False,Tier 2,151141893.0,42.0,21.0,42.0,1,2,2025-10-01,0,1,0,0,66.37606374836994,1327.5212749673988,0.015818955519575923,High Potential,Low Uptake,Untapped Potential,0,1,0
HCP04622,HCO0375,Vax Center,P30,Kien Giang,South,Infectious Disease,173.0,0.4670174722106552,0.8025847807879216,0.914798258551696,0.4543259015244846,1,False,Tier 1,100927093.0,31.0,14.0,31.0,1,3,2026-01-01,0,1,0,0,80.79402269244335,1615.880453848867,0.0086640072702491,High Potential,Low Uptake,Untapped Potential,0,1,0
HCP03214,HCO1900,Vax Center,P13,Ha Tinh,Central,Infectious Disease,151.0,0.4547154694458589,0.8016220643959702,0.4228801843560365,0.430072387046285,0,False,Tier 1,93537918.0,28.0,14.0,28.0,1,3,2026-04-01,0,0,0,0,68.66203588632469,1373.2407177264938,0.010194862283997873,High Potential,Low Uptake,Untapped Potential,0,1,0
HCP00288,HCO0118,Hospital,P15,Quang Tri,Central,Pediatrics,124.0,0.6024177595668543,0.8012000021564559,0.604367253533326,0.4492986616346808,1,False,Tier 1,104928182.0,30.0,16.0,30.0,1,4,2026-04-01,0,1,0,0,74.69980218628993,1493.9960437257987,0.010709533045414521,High Potential,Low Uptake,Untapped Potential,0,1,0
HCP03661,HCO0449,Vax Center,P19,Quang Ngai,Central,General Practice,126.0,0.5772509704826357,0.7997987973008418,0.206045307012856,0.4433202357901443,1,False,Tier 1,93524970.0,28.0,13.0,28.0,1,4,2026-04-01,0,1,0,0,72.7336222808121,1454.672445616242,0.008936719767516334,High Potential,Low Uptake,Untapped Potential,0,1,0
HCP00354,HCO1794,Hospital,P19,Quang Ngai,Central,Gynecology,130.0,0.6533127763432504,0.7995851257497858,0.1368022737838463,0.4697997469418211,1,False,Tier 1,173680504.0,49.0,24.0,49.0,1,2,2026-06-01,0,1,0,0,84.93066092462254,1698.6132184924509,0.014129172985772724,High Potential,Low Uptake,Untapped Potential,0,1,0
HCP02958,HCO0731,Vax Center,P21,Khanh Hoa,South,Pediatrics,69.0,0.6560343389854776,0.7986956734098025,0.5553244478929582,0.4139568437850112,0,False,Tier 2,46577996.0,12.0,7.0,12.0,0,0,,0,0,0,0,45.266369389997955,905.3273877999591,0.007732009540781416,High Potential,Low Uptake,Untapped Potential,0,0,0
HCP03836,HCO1573,Vax Center,P21,Khanh Hoa,South,Oncology,47.0,0.8501453965934802,0.7980843124244943,0.4468874024135956,0.4516975184999799,1,False,Tier 2,81950131.0,24.0,11.0,24.0,1,3,2025-08-01,0,1,0,0,39.95683363989357,799.1366727978714,0.013764854466617966,High Potential,Low Uptake,Untapped Potential,0,1,0
HCP02119,HCO1715,Hospital,P21,Khanh Hoa,South,Family Medicine,72.0,0.7596298388524406,0.7979390472482671,0.695607621747898,0.4476619462905708,1,False,Tier 2,66052304.0,18.0,7.0,18.0,1,2,2025-07-01,0,1,0,0,54.69334839737572,1093.8669679475145,0.006399315643596499,High Potential,Low Uptake,Untapped Potential,0,1,0
HCP01334,HCO1828,Vax Center,P08,Vinh Phuc,North,General Practice,83.0,0.5435822833135225,0.7962581146348577,0.5694006463742929,0.3926966782913986,0,False,Tier 2,70259724.0,17.0,9.0,17.0,1,2,2026-02-01,0,0,0,0,45.11732951502237,902.3465903004474,0.009973994578960331,High Potential,Low Uptake,Untapped Potential,0,1,0
HCP02690,HCO0880,Vax Center,P08,Vinh Phuc,North,General Practice,105.0,0.8050094824143782,0.7958149191040302,0.5269630055359287,0.4914065692858602,1,False,Tier 1,121627603.0,37.0,21.0,37.0,1,1,2025-05-01,0,1,0,0,84.52599565350971,1690.5199130701942,0.012422213922260988,High Potential,Low Uptake,Untapped Potential,0,1,0
HCP04010,HCO0698,Hospital,P02,Hai Phong,North,General Practice,111.0,0.7275102281356308,0.7949416452696585,0.5925161864468566,0.4735376937909172,1,False,Tier 1,91016754.0,25.0,13.0,25.0,1,3,2026-04-01,0,1,0,0,80.75363532305502,1615.0727064611006,0.008049173234117251,High Potential,Low Uptake,Untapped Potential,0,1,0
HCP04001,HCO0785,Vax Center,P04,Bac Ninh,North,Pediatrics,150.0,0.886044079305337,0.7946820372791572,0.3618776103181924,0.55715703865484,1,False,Tier 1,287638450.0,86.0,42.0,86.0,1,4,2026-04-01,0,1,0,0,132.90661189580055,2658.132237916011,0.01580056830917043,High Potential,Low Uptake,Untapped Potential,0,1,0
HCP03559,HCO1021,Vax Center,P20,Binh Dinh,Central,General Practice,326.0,0.7501015311185866,0.794529093551099,0.823910755139903,0.6793066484161662,1,False,Tier 1,264685391.0,76.0,39.0,76.0,1,3,2026-08-01,1,1,0,1,244.53309914465922,4890.661982893184,0.007974380592323955,High Potential,Low Uptake,Untapped Potential,0,0,0
HCP01681,HCO0438,Hospital,P28,Tien Giang,South,Gynecology,190.0,0.8058635008618279,0.7943127660539104,0.6441995681646886,0.5700660479137749,1,False,Tier 1,161371487.0,44.0,22.0,44.0,1,1,2025-08-01,0,1,0,0,153.1140651637473,3062.2813032749464,0.007184186500590973,High Potential,Low Uptake,Untapped Potential,0,1,0
HCP04403,HCO1663,Vax Center,P07,Thai Nguyen,North,Infectious Disease,73.0,0.9660945472627755,0.7938544908036655,0.3745745048973511,0.5097103734506769,1,False,Tier 2,98265369.0,28.0,15.0,28.0,1,1,2025-10-01,0,1,0,0,70.52490195018261,1410.4980390036521,0.010634541548597758,High Potential,Low Uptake,Untapped Potential,0,1,0
HCP02187,HCO0172,Vax Center,P30,Kien Giang,South,General Practice,223.0,0.4759257373448438,0.7937603625374334,0.3564195038107207,0.5015297937109399,1,False,Tier 1,61857528.0,18.0,9.0,18.0,1,1,2026-08-01,1,1,0,1,106.13143942790016,2122.628788558003,0.004240025410243354,High Potential,Low Uptake,Untapped Potential,0,0,0
HCP02403,HCO0858,Vax Center,P04,Bac Ninh,North,Gynecology,63.0,0.7964545768818961,0.7936144307176671,0.6421010037374264,0.4495111110599541,1,False,Tier 2,39587636.0,13.0,6.0,13.0,0,0,,0,0,1,0,50.17663834355945,1003.5327668711891,0.005978878017811794,High Potential,Low Uptake,Untapped Potential,1,0,0
HCP00716,HCO1863,Vax Center,P17,Da Nang,Central,Oncology,85.0,0.7890355817665077,0.7932592450412155,0.285982056947825,0.4675847457604176,1,False,Tier 2,118877122.0,32.0,18.0,32.0,1,4,2026-05-01,0,1,0,0,67.06802445015315,1341.3604890030629,0.013419211425690726,High Potential,Low Uptake,Untapped Potential,0,1,0
HCP01610,HCO0746,Vax Center,P25,Ho Chi Minh City,South,Gynecology,111.0,0.8723472507362646,0.7931937341392177,0.7247498852069402,0.5166392183450191,1,False,Tier 1,54494837.0,16.0,8.0,16.0,1,1,2025-02-01,0,1,0,0,96.83054483172538,1936.6108966345075,0.004130927908080352,High Potential,Low Uptake,Untapped Potential,0,1,0
HCP00535,HCO1598,Hospital,P06,Hung Yen,North,General Practice,66.0,0.7669359255787431,0.7928362672964535,0.6702228850915064,0.4432776607625432,1,False,Tier 2,94419873.0,26.0,14.0,26.0,1,2,2025-06-01,0,1,0,0,50.617771088197046,1012.355421763941,0.013829135201949352,High Potential,Low Uptake,Untapped Potential,0,1,0
HCP00256,HCO1752,Hospital,P24,Binh Duong,South,Family Medicine,100.0,0.6678432198271502,0.7925416573445159,0.5293175090495973,0.4449724085281593,1,False,Tier 2,112882700.0,33.0,15.0,33.0,0,0,,0,0,1,0,66.78432198271503,1335.6864396543006,0.011230180643207148,High Potential,Low Uptake,Untapped Potential,1,0,0
HCP00649,HCO0958,Vax Center,P02,Hai Phong,North,Pediatrics,259.0,0.7173407084057231,0.7924588839104607,0.2434639218158579,0.6070273226371424,1,False,Tier 1,223009541.0,67.0,33.0,67.0,1,1,2026-02-01,0,1,0,0,185.79124347708228,3715.8248695416455,0.008880935232039236,High Potential,Low Uptake,Untapped Potential,0,1,0
HCP00041,HCO0707,Vax Center,P06,Hung Yen,North,General Practice,74.0,0.7021478124205579,0.7920135688812715,0.550042505327799,0.4310840945394587,0,False,Tier 2,28421527.0,8.0,5.0,8.0,0,0,,0,0,0,0,51.958938119121285,1039.1787623824257,0.004811491709604398,High Potential,Low Uptake,Untapped Potential,0,0,0
